,xml_neoplasm_histologic_grade
EB0D68BC-5FF9-44A5-A355-CA5441BFBA0A,0
0876B4BB-58BA-4C4C-84F4-E9D19EF96147,1
EACD1021-7B52-4531-8806-B7555B73AC84,0
368ACD26-C7FB-4974-BB7F-0AE22670CB0E,0
F23B0A1A-25AE-41D9-8C49-B692C4FDE1E4,1
EC0B4E94-0FD0-4DBE-8E1A-14DBB0E63772,1
15AF0A2E-8C09-4B6E-9BA0-9CA1E1CC4884,1
39286936-7CC8-4045-9D84-8340D2A49CCA,1
553423BC-7594-4EA3-B04F-2857AE5EC7E5,1
3B6A962A-09FF-487D-9F61-F7F9289FCBF7,1
235D18D4-E859-4FE9-8B09-AA8DEE3CF2E8,0
70060D21-4E80-4273-B12C-E3BC6B365DB3,1
E89AC323-326B-4511-AFEF-9ABEFF9D3BDA,0
BA95F2DB-3378-428C-8757-AC61AE6C4FAE,0
070E540B-34DB-4016-B573-84924407F57F,0
3C5F7739-5DCC-4EAA-BB35-369C99B721C5,1
5852071B-50C4-4016-B48C-3CC2E43EEF87,0
C16B498D-B5A9-451F-83CA-8F27492E1FB9,0
4CA054A8-5D75-40B7-94E4-0B5744832FEE,0
BF11E22A-F1B8-4815-A14E-29AE1D3473DF,1
A5ABD7A2-7946-49ED-97D9-6E136F644E96,0
C0C10950-ABC5-4125-A33E-5AFA2D2574B0,1
CC112597-9D59-44C2-9AFC-1850CB5A8107,1
BACA9F84-971B-43B5-834F-8C524D378998,1
70C1A44A-40D3-4C59-920C-E0935EDBCA22,0
33DE9BAA-3B78-4026-96C5-A1A82FB61274,1
4DCEC4AC-4B50-4AA9-AD1B-FFE04C70EBE7,1
D6A907FC-3A1B-4E3B-A440-1CE9BE9B334B,1
CDAFAFEA-365B-4F25-AEC0-639B6E0CB626,0
4BF75CF9-DA61-4A0B-940C-B09C7FE864F0,0
BF53898F-F173-42B5-8265-819F6B64A94B,1
ACFA7BE8-C692-4DAB-96A4-FC5A8EDA1269,1
EF184FFA-5DF2-4043-84A0-792C2AC15157,1
B933A84B-7F0A-4FCB-B864-ABDF0F2DF1AD,0
26C57D13-F2BB-4DAB-8342-D706708DCDE3,1
E624AE62-7114-44BC-8DCB-3F8A831B74CD,1
160972CF-CFDE-439F-A990-4869F96EEA3A,0
CAF246CF-659B-4C64-B0AA-125B11D23E43,1
4522D871-9379-4643-B15E-9ACB556276C4,0
76040542-6D1B-4A0F-9F2E-43E4AA33FE21,1
70622A15-FDD9-45F4-8EEB-784A77235AC2,0
3CC5C162-3D4F-46F2-BB1C-616CDF52E2F7,1
56DA9453-26CD-4682-9970-8D8F55152BB1,0
C12206E3-0D85-44AA-864F-97B833FA1F0A,0
668765BB-DEC9-4746-B932-C8CE643B6564,1
AFF029D8-FFC9-4AA9-8049-F1E27C743F6F,1
50314689-519F-4B27-884C-7816DD64CF4E,0
1F3F8680-EEB6-4532-B81D-51957D1EA502,1
4C02B5A8-A87E-4AEF-9451-C4B9EEA6B60D,1
227776D9-56FD-49EC-8D5B-841433C0D2E4,1
308B8E36-4131-41E5-90A1-677A65353288,1
9ECE4E94-28D5-4692-82D4-5B7FA882543C,0
DB4FD772-CAD0-48CE-810C-7BA6C16B7580,1
AA26E72A-924D-423E-90F6-96C67A7DFBBE,0
67A90465-7774-43DD-A5AE-1F7B13757803,1
93C284BA-155E-46C5-BF1F-3F98EDF1709C,0
989C4444-1DAE-4EA2-8D1C-3E845C501FEB,0
5513114D-2503-4D11-ADA4-35BE010510E5,0
E3DEE7D1-60A8-447E-822F-6B2C7FE0F295,0
D47C7B74-BB01-4614-B683-652F7130729C,1
0F185AF0-D779-4E1D-AA23-D19ED8127A35,1
A6DCB76D-40D2-4A7C-81C9-E9E0229D88B1,0
ABCF168A-484E-4AF7-8E2C-918F8244765F,1
89E948DC-B3AE-4155-B8A1-ADD2B1C300BD,1
F34C6373-2BC9-49FC-A920-1889E9356D9E,1
7337C0EA-0D5E-4B6A-A30C-23664EBC901A,1
135743C3-829E-46DC-BBA9-FF07C8067612,0
31D4B639-D1E5-479B-AEC2-34F758F2E470,0
ED687166-9F07-4BB4-8455-65E2D2F405F8,1
944BB71C-6508-4743-BFE3-3F2970AEB780,1
6E930060-502B-49F5-A385-9B91DEBD05E4,0
D50BAB19-5050-4C27-9F6B-6CB1C865552D,1
2299CD19-BF08-404C-B1BF-B570F12CCEF8,0
1E221CC6-319B-4B53-8836-80FDFC99FD72,0
84A40FCB-DE48-48B2-A70D-BC10BD75B9EE,1
9133A8E4-DE95-4F2B-8F2F-CB52355D8045,1
11099BC1-1BCD-405B-91B0-4DDAD1DAEF3D,0
C60821D0-7043-45F1-8E08-56067761432A,1
B802DA89-05FC-4D14-BBED-4CF74B250ACF,0
A8D65DDB-516A-4F8C-8038-483A254D41B1,0
ACAD59E0-B2BD-4D91-93AB-227A4C55E410,1
B4DC0995-06D9-4AC9-82D4-CE98A3958283,0
C3FDCD45-2013-4BA2-BEAF-5ED6A3393783,1
C76988D4-E96A-4708-8320-399E9C880BC3,0
A73A2348-FC50-42A5-ADF0-6647E5ECF0EA,0
EF6CF746-EDAC-47D9-BF0C-50C57D4E4322,0
FBE93EC7-CA18-41CE-8B85-50B4EC204278,1
F3BA6259-9F68-47D0-ABDD-1272AE112CAB,1
933DB910-2728-4DC4-840E-B0CD1F13A421,1
FCD43986-D877-4856-A4E0-F35AF0A5117D,1
0782D25A-3B14-499E-A40C-3852B3A15B8B,1
681D8638-84E1-43B9-93A9-3189560D8611,0
2A02A359-28A1-41B9-8EDD-2477C95CD00A,0
6F9405E7-9279-42E1-99B1-DEC727D9EC1A,1
90837DC9-BC40-4642-BEF9-7D3C99B54069,1
D259B183-3FEB-45BD-80E5-9E13D08F272D,1
C5C81E17-78C0-49A1-B5DE-1F42CEB14C93,1
D4E58BFB-9859-4D77-A581-1D713AA54B0B,0
DD127E63-1CEC-4EAC-90B7-725FB5C25BF6,0
B80A74AB-A264-4396-93F8-FD976DBC1456,1
B6BF8C22-03E4-44F0-B2EF-2A3DD6ADE7D7,1
CB39F4AA-36F7-4FBD-9D98-A7B3F35A88D0,1
E05A16D7-DD3D-48DC-98D0-8F0DD825E2F0,1
BA96CB79-F522-45D0-B0BC-E779C88393AE,0
1383A856-992F-4A6B-A80F-28DA8598CB79,1
383EF488-AA5B-432F-93B4-C136E4AA9A74,1
164E155E-179F-4E64-A85C-2D9C88CBCA82,0
EE5E3F5F-3712-46AF-85EC-6F84CA553912,1
9AC39CDD-4433-4055-8129-E83279E17451,1
3BA72C4D-DB4C-440C-B76B-036961EC8914,0
9061C1A3-8141-4780-B3F0-4D499B0556F3,0
334A56B0-2251-4640-A52A-3923F93797D0,1
19590D31-2415-4D46-8E50-494FC40BF639,0
AE8B7695-DCB0-4E06-B407-FA4AF143B6F5,0
50F69785-8B7A-4933-85B1-8DC539ACC72A,1
CBD7775A-2802-4EB7-9F62-6B80D7667AED,0
E4488C31-B5C1-4CD9-A200-ED941DA3B73F,1
15EFBC5B-C713-4718-BB6F-0EBBE4D6997F,1
CCA012D6-E956-44A2-B4ED-046B02103242,0
81F30B6F-3E9A-4913-986B-C56D5F107A17,1
B43F52DD-D081-4B9D-9E5B-F76FCCDB6E3A,1
F1037B9A-1497-4338-908B-35DEEF1EE894,0
C6F4EDA3-DD75-4C38-8CA9-BFF8EEEFE182,1
52B323DD-011C-417C-B0F3-311037D7C0F0,0
D1C0E70B-B2BB-4FE7-8DEC-B50659739BAA,1
E4EFC6A1-F139-42AD-ACE3-79CB66804595,0
9CF4E7DC-E6E5-4D15-97A4-859D05551775,1
7A6BBBE6-2B3B-44EB-A101-C823739AB24F,1
0534B9BB-AA7F-415D-A7C6-DB3B2F7A0863,1
3A2DFC20-49B1-4268-8F60-12F9B39B1C25,1
9095FDD8-EEB2-4B17-85AB-3CDAC0BEC759,1
870B6991-949A-4749-AB66-E8F27A115695,0
3C9FDA2A-01C8-4F17-BBF1-5CAEAE3764D4,0
B9D71C22-6662-484C-B21E-0CA305E0B16E,1
966A3A03-3879-4816-A1E9-D805F6018836,1
20A2BF82-E250-4E86-B1E1-1A6EB1ECFB3E,1
B7E14E69-007A-4F04-8C8F-B424F73AD883,1
8ABD6FD1-CF73-4663-8E2A-B2C134AE7E6F,1
2232577D-C1E7-49DB-A0F9-DA3FEDCB1331,1
2D448C52-038B-4A02-B3FC-8F1A7DB515DE,1
94E26CD5-238B-4D8C-B8E8-A62C44EB2B41,1
6B15E85B-0882-487B-BDC2-950EA679A81D,1
9CD9103A-214F-4C29-B766-97FACDEC946F,0
8775E227-ECFD-4C3D-AD35-A0567B55D13D,0
BE0FF70F-61AB-48F4-B883-FDB77EE262FE,0
3F8D01A3-5449-48A1-BDBA-BFE4D908AE31,0
1B0FE71F-DD59-45F7-BA73-E8BEEB7349A8,0
899D9D68-F1BD-4ECD-ABAA-48488672A407,1
D516A82D-2F77-46B2-90F7-30BA5C78AAC8,1
8D4335F6-6ACB-4E38-B9F2-A2B5B647AE90,0
ED86F92E-6B39-4C0C-9A60-870984F53C4D,0
575CE889-DD6F-43B0-BA1A-326A1DE34E37,1
368CFCA3-7BAB-4D6D-9AE1-55713A9965C1,0
130C8FBD-8D78-4212-8DD6-301EDFA339A9,1
7C5B3EDD-640B-4A0C-B40C-02764C738D6C,1
EF59938B-A70B-44B9-AA7A-B46A566A8F79,0
CC211FB2-6FE7-4FE5-A571-0715C7E5395E,0
21A31B3E-254C-4311-AF9A-4F500E711729,0
2FD813BF-AF0C-41FD-95A2-1874A3CEA53F,1
5BB1F89E-5334-4763-8790-793D60E8A9DC,1
653C0A98-1A7B-435D-837F-5F866E8496C0,0
5C689B08-91FF-45D3-8294-2A8E84D9A018,1
CFB4B8F6-675D-4A70-BCBB-10C87EC514C4,1
F6B26185-139B-47A7-91EC-E885D94AC882,0
0F1F152F-E14D-4A46-83F0-3D26F795D79F,0
98E88BAB-4CE8-4A32-BBAC-7C6E711C4708,0
9A33172F-AEEA-4B7D-9605-0C60D7872CEA,0
51EB8800-9AA0-4160-AE4A-E00DD193894F,0
74DDE13E-88AD-47C3-8824-5AE0C2B969D6,1
407BC25E-900D-4CDC-B6A1-2D00A40F9280,0
86A9A426-4B69-4572-9AFF-103C2724E5EA,0
3808C3A9-22DA-4DC5-9F51-884A7EF574E6,0
CFA08182-F204-403A-A5C3-067F099953AB,0
5B65768D-0E81-4469-9D69-69B07ED5ACD5,0
57CDEE2D-9B87-40D7-8DDA-17B7000F6965,1
662222AA-D8B8-404C-B0BD-8BA166C15894,0
29DE9C1A-36DC-44E0-84A4-67BF57CF6FAF,0
0A1391EA-5B15-4D28-B6AE-2732FCA49897,1
BBA00038-09B1-461D-9F8E-484890B0D130,0
3459C5E7-E111-4B45-BFEE-3FFC1D77D5EA,1
9DD73399-620E-472C-8360-5565F91BBD3A,0
BE56F908-42DD-4019-A8AC-48884DA788B1,1
1809618E-A051-4758-BC59-B04E23FB3A42,1
57C9C700-2D44-41AA-A6C1-11593A0AB449,0
4C62C854-F423-4F08-8516-F493AFAD1F5C,1
739952C6-FF36-4E34-B881-E02FE17C4012,0
4F556BC6-3A10-4EB1-A835-DE1B9E64D292,1
A34C537D-632D-4992-958D-5B85D190382C,0
D7195D9D-406B-421F-BF0E-90B8D6C51AF1,1
869B62A4-5B6F-41DC-8113-C2CA9ECB681C,0
110C1AC6-BFE4-40B8-99EF-5FD901B1ECCF,1
B2AD9EFE-14C4-40C1-B91B-D1F9AC6DFB28,1
1755116D-2A3D-4F1F-B635-43B5053580DE,0
CF04AA5F-57B8-4360-B645-3D85428F0494,0
854F3575-FA15-4C19-A5AD-F9E596AFBC3F,0
0E4AD9E3-52AB-4BA5-9A46-CC60EF0A28E4,1
62E16838-7D5D-4B10-9599-0E2DF135B1CE,0
791D9EB8-42E0-4192-B064-B1126CA14481,1
0A5B5D18-1A0E-44C3-BEEC-C3AD867DFE84,0
5902FA3E-0EF9-47C7-96DC-BFB9DCB41BEB,0
CDAE5912-5C56-47B3-A0E6-E61B1E880BFD,1
5E55B08E-C597-4DF7-8577-D8B15C404E59,1
294F1DC6-4610-4DC3-8879-2FB7E4AB30CA,1
5A147DAD-7390-4C90-9921-45CB05066827,0
B9EF0525-8B4A-4306-B06B-35AC457F5F48,1
E98D364C-C1F8-4C51-A68F-87294AE6D922,1
0ADE6D62-9254-4D7C-84BD-2581B0F5524B,0
B55F6F72-FE83-41E1-AE4C-EF279B173583,0
3113CB55-0CB8-4C63-9308-AFF20B6A7452,1
1C8DCA5B-965B-485A-83B6-5CBEB2117E47,1
E2A4C651-977F-4F40-B5EC-46DF75944141,0
EF5618C6-6AFB-4FB5-A32B-7946F18E9736,1
7B8AB60E-77DA-48E4-9320-CC5595D12131,0
62AE773F-A6EE-4704-A2C4-096A77C47DA7,1
AFFB9247-0AD0-4569-A1FB-643FC8492850,1
604E7A74-7B6D-4E9B-8FDF-A1CCEE6FD2E6,0
7D241B7B-E218-4F44-BE15-1B5A14A1550F,1
FD6F6227-0FA2-4FDD-9BDD-E5604FB96D87,0
F6CFDC1D-064B-4275-AD97-CAA5D0716E5C,0
1897D384-012E-4A19-A294-FE11EF21EFA3,1
C49078E1-E730-4E81-8EAE-5AAAB9FA1BF5,1
22E980A6-BC64-4A7E-8A08-8342AA92245F,1
D181D0D8-FD8C-4259-9B34-97224CF27E1B,1
81A1567C-ACC1-4DE7-A7F5-257DCAF2EEA7,0
183E5584-19F3-403E-AC2C-C223800F42A3,1
DB5239C5-E5C8-48C4-BB86-29E9D1987A91,0
388D4E50-F135-45A2-91FB-3640C65DC4C5,0
586BE6FC-AA70-43AA-8550-975C8B069CF9,1
7F209C48-3E3C-4710-8A9F-4C7B536D65C8,1
A4FDC009-60AD-4F30-9883-40C13D2F1F1F,1
93910528-D681-4C69-86FD-326293B2F1C1,1
77A27A5A-7DE7-4D82-BD76-6C073F0A2E8F,0
4B18B059-0D01-422E-9BE2-27DEA86994BC,1
9F3CF556-9E7A-4EE4-86C9-5BB453DF86C1,0
D2417A9C-CBF0-47F6-B20C-FB32AF632A84,0
8CCCBF95-D001-46E6-BDD3-0B5125534C0F,0
D0CCA6E0-8557-491C-AB82-289DF53E57FA,1
38F5957E-0A99-432D-8F0B-B48E03F17668,0
D5601721-19B1-4017-97F2-4CA697962C2B,1
E070D6ED-3B18-4D12-ABB4-2B62FF6033FC,0
6A37EAD0-5083-426C-A6D9-274EB0F8D42C,0
B1608A00-9B83-4F1C-873E-EA0B99E453A4,0
C7997523-47CF-40F0-8803-AB873E38033C,1
F8DF1543-E00E-4741-804E-F577BD88874E,0
3B02D2AE-6DBB-4439-A976-A3B186DFA3AD,0
563D8B4D-F2E5-4E81-87F3-9FAB655D4185,0
841E2203-5B7F-4306-BD38-4BD68E79F9C8,0
938B793F-7821-41B6-8ADB-A78089628F65,1
2366BE81-7B98-4293-8ABC-D80D49092E24,0
D1923C58-76B5-4AA4-B93D-49342748AFAD,0
CC03F1D9-C4C3-47B3-80D6-CFD1684757DA,0
9B9A845C-B1CC-43AD-A356-E33EA99FBB9B,0
0D20BF4B-C0F9-48F3-8845-2A92D4E3248C,1
24363857-9A33-40D4-8409-C17225570833,0
3DA9560E-8181-4BAD-A90E-E4EE558E6EAF,0
A7734BCC-B913-4229-A50D-4A7B6111CD1B,1
6CDE5D5E-F4C1-4C8C-B216-CDB5CA1413DB,0
47F50B4A-1646-48CB-867C-0FD49C7D3664,1
CDB44ECD-3F01-4865-B4CC-5190E0FB64DC,1
A0A315C5-8AF1-4FA8-9E1F-45819F3F68F3,0
0E1705B5-F5D0-421B-9E6B-FAAA4CFEB386,1
8772FB9B-8621-4693-8C35-63A39CA05955,1
7560B2B5-6AF5-4600-9F0A-BE25CF99B6B9,1
0CEC1E8C-E80C-415C-8A7F-229D45CC67A1,1
0CC397C4-80BE-48CE-A1C9-7AC62547979E,1
026B4F22-FD28-4DE6-8C80-0AC3DF950F1C,1
FECFA1E7-2578-405C-A707-DA877BF4B2FF,1
E961CCAF-2324-4209-92A0-D13C83DE8752,1
C11294C4-9285-4BC2-B0F6-98054A63CF50,1
F37E118C-1066-4A84-B190-B9B78E265D94,1
1CF552FF-CF95-475F-AE0B-63BDBF753FD1,0
21F95DBD-67B5-4D03-9A20-22883C4473A1,0
B2A0B149-3C97-4E86-B1B2-6D382EDED8E0,1
D9349C09-2AFC-4D21-92FB-63A65DE3ADEC,1
122D1D3C-8C13-4BFF-A135-2A308C6A9483,0
4D9B6519-2084-4FA7-8199-7AFFC2CE9579,0
40E73C40-97CA-44BC-BAF1-5933C0B0709A,0
B544A291-0157-46F2-B686-8D80E6BDA6B2,0
B9A9F39C-35B3-4B43-B625-1A83850B12F6,1
F6606A8E-ACC6-4826-9547-E0017521724D,1
6C1FF3E9-0A8B-4B02-B0E9-EEF333E53592,1
EE9D0C01-742E-49EB-8859-8A803D17E9F2,0
CC0DD2EF-C9E3-4871-AC87-D3C9331FAC8E,0
DEAB79F5-336A-49B4-8046-AEE2F567FE46,1
1F871CAC-44B4-4DBC-8B00-013A92AF56F0,1
9D121938-C7DA-45BD-8EC0-126C8A93A7FE,1
A20D496F-29D4-4BBE-9300-5764A8AE4704,0
655B32BE-AC22-4E6C-97D2-CC6B7F06B55E,0
F75BDF1D-A6DD-4DA2-A8C9-430086A0FD6E,0
96071C27-44A0-4365-9314-296F12B3327E,0
69E55FC1-FD9B-49D0-9786-4C96F9D5C195,0
47F6E197-7164-4289-95B5-8FD305A13B4C,0
F663E106-4E34-46C8-9CD9-AE5E9B8B27F0,1
E8A40DF2-019A-4EA8-BFCD-DA39A5942A45,1
764E2C89-1DEC-4E30-AED5-1A29B743B1B9,0
67A7E9D8-C2A0-4B52-95BD-BDB781E7A9D5,1
5BE4D8E9-DA18-426F-8AE6-075B15010390,0
057B580C-13FD-4185-943C-9DD5266B8554,1
B3029936-1EEF-4378-AA28-D5B2A32CDC86,0
4AEE4E66-F11A-4D09-BFDC-9F3FA94312CC,0
E15EAAB4-0860-4716-9922-667F604CDF12,0
B2639653-56F3-4992-9983-34F0142ED5E0,0
5E10DA5D-9542-4B4A-9388-12D7BE89B688,0
F6527F1F-B7E3-4281-B97A-282C97B71C00,1
D2101E37-DF46-42AC-B1CD-B1B3BAA71104,0
89E4B2B8-FAEF-49F7-98AD-7D8D3DD845BE,1
332B5EDB-2E8B-4D99-A58E-2DB147D08611,0
7046C2F2-A8DE-4AE1-B27D-094CF2EF3B3D,1
DFD7454B-2F54-4D18-B57B-1D4F256F6BA0,1
278DBFBE-6831-4335-8750-0B76406779FB,0
E85AE97F-43CF-4250-B2BF-63E6FA8044E8,1
DD292494-92A2-43CB-B59B-726B2F429B29,1
6359485C-2C6C-4D67-9C16-D76B06587391,1
44E0B86A-690F-4AE9-9EA8-FDCC3C826B4F,0
0DE42FC5-00AF-4DA9-BD6A-3E0CF47CA89E,1
71836734-C824-4BD1-9D8F-BD794DBBC9A2,0
E3D18696-51D7-4BE3-A32B-3196E5F80438,0
AE8E3884-06AA-439D-9DEF-B7D7699DCCD4,0
DB6A57B5-92A1-441B-885F-3E26AC89F289,1
5E92E940-A41F-41FC-BDF6-F6D7E0F16E5B,1
99406416-1F47-4791-B186-C2F0FBC67532,0
C42DF19B-5558-46F3-B00B-A100F2ED9BEE,1
9DE372FA-FA7F-41AB-BE52-B0B7D957CF9D,0
F006335D-4815-4E3A-9761-722302DA6930,0
38D2BE9E-15D4-47BC-8FEB-55310F23825B,1
B90A0E6D-D667-4AC5-8F4C-0B5198E4716F,1
55CE136A-D378-4F33-8EDF-FA35AEF90523,0
543C5AAA-98A6-47C7-A959-34B7DB5C4BAE,1
6C8E7334-2E64-4611-9857-3BD4B3C9EA69,0
20152BF5-FA56-4B98-8F20-FFEE20F8B1CB,0
8879C57E-8876-462F-810E-EE07C2F541AD,1
B29206B9-3682-4A5A-A7ED-3DF04361440C,1
6129063A-E329-4242-AD80-51AE66C50593,1
4664FF20-60E6-4FBD-9760-5F543F725443,1
16EBB885-A692-42A6-9027-F6AD769E0ABB,1
CAD6E491-88FB-4221-90E9-AC9C68AECCB0,1
F781C72C-3357-4038-AD89-5651FE3A1E20,1
DDAAF948-34BA-471B-AB9C-B43F3BE265CF,1
8606CA64-EA89-48DA-B8F3-9F244737CB0E,1
B45E2407-A40C-4944-A449-58C82053327D,0
6B1F8A0B-FE7F-4EDF-8F1E-8C703B8234EB,1
F38DF975-5D95-4993-9CEF-B775C6851B3E,1
70E33AD4-D800-4983-A451-1802880DBC2B,1
805D5473-BF65-4BF0-B5C4-4A0335FA0B92,1
E73BCFCB-C5FE-4BF2-A236-B9E69711C121,0
F7A99180-9A3E-460B-B137-5E09B8A9D483,1
6E704444-91A5-4DBC-8F7A-07BA3A3CFE61,1
DB0E8DA9-5249-4EB4-AB2A-78889B8CA9A8,1
C4438C6E-8920-482D-A4A9-84FDB3EDBF21,0
5FC43C88-E667-4566-9115-4DE1B18F8FCC,0
9C2C1195-DB04-4A0C-BD6D-CF3408FF1CA0,1
85EED4EA-7881-48BE-BC80-29FDCB3FACD0,1
D20402E2-E3CC-4535-922D-3D7BBFA48AD7,0
81A2D108-72B9-4397-AADE-80FB5DC2354E,1
981584D3-10DB-455C-8132-E8E5F44E1222,1
60AFD798-AF56-41CC-9EA9-2F1CA1986886,1
2CB06CA6-8D1F-4BC7-99BE-66921805B8FD,1
93A66EA0-0C74-4342-8140-72ECB01F99A1,1
09565F89-3CBA-4FE4-9DF1-3EFA35A570B6,1
F4CFA6BD-7516-4A58-BDA7-2CAC24ACAEF7,1
433CED6F-A9DE-444E-9A11-8929A3EFEC9B,1
2B888B1F-AED1-48DD-8E17-9EBB8323F0BA,0
A5162BC7-058E-419F-AAB6-9CFB02657D8D,0
1DEA6525-5598-4985-9218-D61912C75437,0
90C2DE9B-904B-4206-A31A-B682239FD8A8,1
9F59F086-C9D1-4624-8023-DB2EB9377743,1
5C99DD01-9C8A-4DD2-8DEF-22037BAECD9D,1
03AD3E27-DEFB-4952-8C37-08A90D493788,1
25A9EC4A-F646-4B58-A565-14E9AE3C5944,1
562291E5-AB47-4455-9C92-7904DAB14AB4,1
F6F85277-BE41-4534-A0D6-F654F4263094,0
DC48EC34-1AA3-431C-8ABD-7F2D7BD6D32A,1
E39D9DB8-83DF-48A1-A43C-D24E78D53E78,1
2AE27B42-030A-4801-8B03-0AFF4F1AEA3E,1
02588D5D-89CB-4D0B-9E96-A0270C3FF866,1
2635B074-43E4-4731-AE5E-86BBFA30809D,1
9A281EDE-FF96-4E66-AEF4-692BDFA8E99D,1
8E9CAAC7-31D3-473C-821C-2DAD37B44D3A,1
A129599B-81EC-4AF0-B74A-4FB9483A3A7E,0
8B5B3254-6861-404A-BB30-250486B85658,1
AAC76EDF-5E5A-4D7E-8450-2B699A70EAA3,1
B939F186-F96D-4F4D-A19F-27A9DCACEF6B,1
0038E71C-CAA3-417D-8C16-2986863A4D9A,1
4FCF75A0-D0E4-4418-988F-2241B1C33DBF,1
8EE0CB87-7F15-4BA9-912C-D9BA18B28666,1
83A761F1-F59F-4D81-B673-C5DF37FBE172,1
B12D2F99-CA71-4C1B-8B97-C5C289D357E0,0
18971368-40F0-42D3-B1A3-707850C53B18,0
49B8F49B-1C21-4145-BCDC-403B3D37CCD5,0
3CA49BB1-30F6-47F3-A751-D5601E16BDBA,1
C6E39F86-9DEF-4BCA-930B-2A3993D18901,1
B38AB6E6-BDD0-461C-934D-DD498C32E934,1
767FE89E-E19F-4F56-A744-CB3C5CCC085B,1
0D60DE0D-CC42-463B-9BD6-1C11977A2056,1
58F11B66-AE40-417E-B465-811C6CF7311C,1
89D297BE-DEC3-4886-9867-EE13CA3C27D0,0
9F4AAF98-06AC-480E-95DB-EC475663AF10,1
4C2829F9-2672-4C6C-9901-778B3721ACAF,0
A6EFEFFB-AD43-4CB3-8D3C-D7A972206678,0
44E646EC-D3DC-400C-9155-27CC5300637E,1
412F9B5E-324D-40CC-A8F3-FA9C1FCC83C0,1
9E023B8F-E340-4684-B92B-A13CBDF2A321,0
2502A23E-E168-4A78-9C14-B93FBC9715B1,1
B56357FA-E93B-411C-B100-FCD96460ACC9,1
A9177246-FC38-42BC-9C57-86F739D02309,1
BD755511-C2CA-45C1-AD55-5BFDB8EA89B6,0
06C726FC-E014-4401-9D9B-E4E8164E0FA6,0
A395841E-1974-4EBE-A456-CCC1B870B65F,0
A07ADC09-084C-422D-AF59-505DD79EDBDE,0
34349A18-443A-47AB-811A-8AD6359B421E,1
52AA2072-540B-4026-B10A-934EA2572A2E,1
956357FB-9AB3-497C-BB55-9D15B486A422,0
B57D8141-37A5-48A7-9213-C256464943C0,0
0BA0302E-63B8-469F-B729-899E12AE8809,0
BB657D53-8FE7-46AA-918E-8BE6EB5B70AD,0
28BE96CA-7D9A-427F-8D42-A7D828E57AA0,1
6869ABAF-343B-4C9B-8975-B26A2C895123,1
3E8264FA-EB76-46E8-9601-D627BB28642C,1
946A06A0-1A8B-430B-A8FD-5165A3FEE5DB,1
D50BBFC7-7774-4B12-938C-8D5373C12DFC,1
C3C9CF41-BD87-43B6-A064-E336ABB61CAF,1
6D34BF1E-E1D9-4775-B375-4E5D01191752,1
337BA735-8F64-4888-B32B-B93C7474BA83,1
85D95FBF-E62B-4D99-A85D-7FA5F2FFC00D,0
ED949E81-873D-4331-A415-9334962C1CD4,0
4C2861D1-0E20-476D-B487-03F0712BA159,1
AE082A2F-39BF-4BFD-8BC3-35B8CE45D53A,0
81FC1829-1BFE-48B7-AF60-AB6FAF039204,1
4CBE0475-73DA-4DB3-AB71-29FE1AE332F6,1
F02829BE-B45A-48AA-AA97-7E6298B9F8A7,1
5ACFF57E-8B40-4A68-98B9-1F80D80B3F00,0
A29E97C5-27A2-4113-B215-0ED606E64F7A,1
F03405F8-125E-4B72-A3E0-5E1134322DDD,0
C269539F-FDAD-49BD-AB16-C3B7C66E4662,1
5D29C0B1-A2DC-45B2-BF53-DE0C0F798841,0
78F28873-E471-497A-9405-FB8955808599,1
B2EE8C15-DFEE-42ED-9280-A9B12EF98264,1
14DB79EF-DE2B-4197-AD32-F657E0655FCD,1
42CA7C91-F962-42B8-BF63-87DC50211EBC,1
D4276C6F-9F0F-4F74-A85E-1E54272ADDED,1
375C6EA2-4747-4959-9630-771FB8461BF1,1
AE8BD116-5550-4A0F-BEBE-F092675A1F45,1
3762BBD4-190F-4DE4-91E6-0C483D066B82,0
009C6A5C-3F63-4925-A92B-2AF54F1A4852,1
