Id,Egap
13062,2.9815171418240816
587,1.4525692022401446
2333,2.416686972966214
7740,4.4452573157435555
9463,1.3180758101461594
5652,1.2036868656077893
8999,1.4232686784906778
11427,5.360904214055142
3677,2.325429849734903
2200,0.5269256516811821
3384,1.9767274466393512
9808,0.3640720376109161
12316,2.6867757931090672
3503,2.6953153879413385
1050,2.9477895360484396
10152,0.3372306925483304
4642,5.069873276073111
8043,2.876192120373103
4272,1.7059262602247423
13114,2.836182024627351
12585,4.315328365108628
5682,3.5081197771716144
3550,1.2907942757215087
5290,1.3634031169750702
13010,1.965240707988819
13152,2.572580649883759
7914,3.5159987121491376
5671,1.9004009740984469
7291,1.2811889536666081
8457,3.577710012111484
11554,2.252338376500365
8712,3.574889384709044
2732,2.4412026562833975
5523,1.0010987201642012
2890,3.6205499197014515
7605,1.237635659338732
5970,1.8734216736847014
8319,2.6867757931090672
6136,2.42198506946454
342,1.8305540795287008
6646,3.5912923294382466
5132,1.23288008174338
2729,0.9304088749265479
1407,0.6039931910802425
11633,0.9587929307509897
10307,0.879500169384477
5622,5.124720830918862
7175,2.6189690865560866
1884,1.5755947769055145
7753,1.884764517913948
4965,3.291188243837693
5758,1.681380557341249
9283,1.8775355237767875
8899,2.6327801047493646
11298,2.059415014831855
9885,1.1161851649864805
5554,4.854438439591887
11654,2.558171906670176
12742,1.3768542071730605
11185,4.087113150321008
4598,2.207892246740336
4960,4.007286140212225
12958,2.2039280317217993
8392,3.17304107376113
6635,3.590628700233644
2407,0.17117770835598428
9531,2.883379268285299
4374,1.2180933444159268
13182,1.7550671861672027
3099,0.9335619519750329
4941,3.397630157323224
8780,0.8202394549669102
10954,2.5824277220594065
9580,1.348167753910443
12972,2.3205456266991678
940,0.9302495701473423
6126,3.8406211401928148
783,2.4796644094402156
3664,0.9203578810380363
1196,1.921518745908889
5282,2.0242444798568737
1728,2.722735229187849
2856,4.415127433519452
10747,1.6855319124108574
5980,1.1012532720027324
3969,2.539817917745516
9831,2.512315294993795
3286,3.139316538526874
8659,2.9762076789238443
8555,4.933573080176458
310,2.538069358052152
7619,1.3092311387038198
9796,1.5878583954493368
12856,1.7172343792437976
10964,2.3092589408143547
11556,1.2154372593115101
5476,1.3975369277708505
5090,0.730863607550748
9266,1.7790181632105675
2467,5.101749435537105
2145,1.6171708523918686
42,1.9119091609520964
12355,4.895436751621128
12821,1.2915108525203618
13217,2.5344330016849916
2916,2.7158430774296454
3327,3.7043068755042983
7479,2.3350080958286896
6617,3.3530429336603724
13413,3.2985028352538523
8395,1.961279179826921
4214,2.9777870158642106
11808,1.3023898489303667
12696,0.9814924731096817
11908,3.5227518771585817
8503,1.5416874283740032
13433,2.1684229089241787
480,1.8134597791003544
12424,0.9622944371465044
9555,1.2391137470202156
1777,0.5161531000563188
9072,1.7512975876962482
8602,0.6230698218911663
1905,2.73872727461916
11462,2.320768500688544
2382,3.2350984988545908
5752,3.205424879701472
4807,1.8311788636235549
7043,1.895954138696095
9374,2.6550670637265865
6055,3.428844502463202
2771,1.3857845032454035
12667,3.331766732723372
5069,0.9567332913440824
10637,1.1555119959994102
3229,3.722989317142662
2787,0.5803209844731751
2360,2.6856026694313617
10195,1.4639295597333848
4836,4.408490386070827
5874,2.7888071008128743
5450,6.030375651811121
3973,2.9640534508519805
12845,1.2108049624402875
13097,1.4413948906518461
4530,3.172111171717089
5722,1.6770985713552082
7622,2.4146688829865908
1051,1.0533386801794267
918,2.7811895506162383
117,0.8762973554419383
2223,2.9048058097406755
6078,3.886464200061039
3347,1.8654696152405212
10939,1.2666999495883744
1548,2.761763679036967
4038,2.626979200808964
5820,3.9777996561443323
9618,1.6051221004154403
5470,1.8508940550939303
6913,3.4577392608262163
8243,1.9082061607431369
7927,2.3642537487074673
13443,1.0871378850316702
11944,1.8595644004294056
10194,1.2791467742183051
9398,3.808569964919646
8883,1.8466970017954358
5310,1.0533386801794267
7080,1.3087397486509693
5488,1.6709067007171863
9220,1.2006303059069416
7329,2.475586992687532
3898,1.0154882752682552
12524,0.9384747016520121
387,2.983291362405072
4617,2.6856026694313617
2643,2.2934594667410173
12218,2.0031256389302254
3,2.5941736162795306
6650,4.563861213845078
2037,3.3242506909416174
3711,3.0548075924308518
13353,0.9580452941443195
3562,1.6818244894313439
13450,4.765831750615759
4134,2.7023131898684456
13473,0.49430902507725594
11570,1.6915297755597993
10471,0.4464478230370139
716,3.4047406609400825
4814,1.1188983680416296
12560,3.921604495022724
4063,0.8561195889430122
10394,2.3813535661973364
6734,3.5981608951000683
3748,0.6356445238375057
12184,1.880897411288052
4545,3.2753133106547816
13398,1.249727096603652
6808,1.7292803837954913
7810,4.344198735944988
9070,3.3821587110875626
10585,3.0947870065811673
6479,1.3965418583597307
11898,1.7512975876962482
13581,0.8592645728390647
12143,3.13195006584295
12275,3.574889384709044
7328,3.197289721636657
3428,2.504716167596733
9651,2.020831416432727
9314,2.7630186294807824
4566,2.4197727912295357
12141,2.8286154275805906
1920,1.7793244032010516
3692,1.599630426133878
2797,2.043433157367184
10233,2.7809397549796815
2271,0.8646175361781552
2931,3.2653746619854296
12646,0.8462005685420759
13361,0.9631049769739252
2677,5.168546152343434
3848,1.1977292971785218
861,3.7453178245081657
1082,2.436339172748333
4459,2.4177729520689737
5999,0.19725836070575745
10431,3.325025445710085
12152,3.2673796649973363
3567,2.1611278244289784
11580,1.8415133265807426
2415,0.8474708049083691
1243,2.0733847629902353
421,1.522861914182515
10238,0.30087445764127363
1149,2.889170399204066
9728,2.325429849734903
1959,1.0378542210357478
4661,1.2791467742183051
11722,3.323737220947654
6404,0.6414887687290711
13621,1.2440694743432124
4071,2.0915071799177274
1626,2.5129946893719164
10285,2.078629602654832
9354,0.30393002472394665
9336,1.4924595330604926
10917,1.361240351810475
4122,0.730863607550748
9385,4.754352436454336
6692,0.5676209187503968
12861,1.3117836901902042
5018,3.4681726525808334
1104,2.416686972966214
5045,2.4410964724588196
4194,5.198620688297166
2742,2.1996895624862334
13266,3.7281795332503997
8241,3.1583559611089536
551,1.6407951107037204
8438,1.3142626074943973
1014,6.336539807517032
12366,2.631956580352856
3648,3.388322007310254
238,1.1854009557451157
9853,0.5658717510185857
6495,1.6720460100118337
4068,2.4918077513564274
12705,1.3425612223409222
8607,2.1618823284182276
13296,0.914777047755659
8338,4.24175132863607
11371,0.17117770835598428
3922,2.003707435459673
11302,1.668889334374877
3886,1.658512944159893
4690,0.5904192381950496
1018,1.746134354697609
13476,1.7512975876962482
621,2.519829815604885
6052,4.374609398616053
13121,1.6347953982303933
4229,0.23928355980384503
5900,1.9139525759373681
10264,3.312774943884189
31,1.6347953982303933
7500,2.061928777887775
7504,4.029516506228069
9209,2.100507799046904
1161,0.879500169384477
1075,0.5647763714567414
4678,2.59390186914199
12035,3.1601704208106085
5369,0.7793679154933155
8306,1.9095739001647287
8660,5.529853663270302
8685,1.5348260856110172
3558,0.5598574075284698
5206,0.6676492597895252
5896,3.0031675993022913
3289,4.237921622181524
3300,4.557788763205519
800,4.457570854946626
8665,3.462915035684905
7624,2.8130643610002113
10434,3.419330597273407
11329,3.326997314870904
9511,1.1718701767442827
8983,2.4918077513564274
12116,0.8844820518008347
10094,3.2764433339555294
9461,2.4410964724588196
1440,2.241351866228126
759,0.9436711272453597
1361,0.4897410284190143
2342,5.138417674470908
11468,2.2639984002341245
9972,0.3220179655007074
10541,2.083719173658824
9325,2.236354249868456
2107,3.8248308289186412
3343,3.0041475808531377
6768,2.151841469653579
11563,2.706579391278739
5769,2.793125246282306
2685,1.3763835549163517
127,3.8622525210111744
2331,5.017476303037174
12725,5.27662642842744
9197,2.632763317408597
9234,0.7419692135249373
12543,5.334464357067525
10098,1.4200148842805584
7290,1.2240228795809187
12195,2.2323379998522825
4512,1.960445300654227
11518,2.224252038172952
8250,2.5773849117463232
12871,1.115342189222594
1986,2.054933443925902
4716,0.7662550617619518
9313,2.9366860497699823
8179,1.81284118011603
1218,0.5161531000563188
12387,1.4773225666919956
2087,5.912697968869017
8035,2.6416293674151987
407,0.5724489974980905
11685,2.6856026694313617
10417,2.6612590472452053
691,3.3478383818179855
2960,4.971126156649857
12165,4.408490386070827
2747,2.2571818492423774
11400,1.3965418583597307
11847,1.8745959771436473
5418,0.91032804261301
12762,1.6223719402958887
9636,2.828798480189429
9931,1.2617953495239287
3987,3.981782081125912
4192,0.8413876045784558
8535,1.0608311512896937
12752,3.8213101024048397
7457,1.7645132325572406
10483,2.775567580722038
4081,3.39522181748765
3120,2.400797474903585
5925,2.3041987143940093
1818,2.155013043962691
7972,4.315328365108628
4100,4.597808906336207
3924,3.468777777246652
9255,2.522258969246321
8343,4.72814491336678
9639,2.890658339020737
13787,1.0514279833559899
3371,2.1775859525836276
5117,0.9203578810380363
11016,0.343224680506856
1481,0.5945726739184353
8246,3.012285279103358
8501,1.7841987029897317
10121,4.771775906787557
6693,2.386476665648755
955,1.2009414345035594
7760,0.8645722974475829
10351,2.0674749514020054
8266,4.482672001031206
13757,3.3219170212702736
12978,3.5653406772939737
8378,4.209224538931618
13245,0.7394214032361222
7531,2.5485324261502713
13067,0.9839665785212943
6110,2.645384093752235
3602,1.9141174787362223
5570,1.9460396618133882
4704,2.809321621671959
1564,0.730863607550748
6368,2.0212189802268337
1053,1.0154882752682552
9284,2.4023695414157595
8811,0.5092618115969892
13356,0.5617004857601043
12100,4.408490386070827
3765,1.6048378293755
7371,3.574193288444498
9567,2.400797474903585
8928,0.23331641799633382
9683,4.14121723041601
6637,0.6633883259973852
11360,2.8538026224608717
8410,1.749161397933682
10498,3.1774003689894883
1789,2.558530421962382
7450,0.8718747259383531
323,2.306385186686488
12643,3.0729477937420007
7305,2.078629602654832
6313,2.5387873179853355
13677,2.7579566110150933
6681,1.045373000464532
13194,4.493213164035788
3262,1.8739920259058496
12044,2.768754782393228
5656,1.157185115789673
9703,1.9570415033082655
1722,0.620982684420358
1674,1.6453128102088612
3893,2.5232897681341244
3404,1.8305611993300275
11351,2.9240677788902967
10892,0.9390665886062705
12391,4.62621469383066
6224,2.215876568110152
1877,2.4203432477518265
13486,1.415256163329591
6193,1.7146059052053622
6551,1.6561064292002072
8517,2.6960039610203363
7325,1.4994102266323692
4850,3.3003119610924463
12039,3.886464200061039
8703,4.419848944475916
2691,1.1547309715631142
7785,3.435339368092137
12796,2.5337258734167545
9889,3.161011828085958
6571,2.5214678668244104
5485,4.3793859663793695
6357,4.1943484787043905
12578,3.004421147299399
13718,3.1674708758705483
9005,1.3041380264829232
65,1.6581921687847154
11681,1.3274703549016253
11356,0.9255870821444306
11822,3.3530429336603724
3932,1.7527830321215072
2396,1.404368677222031
5058,2.654543147950759
7223,3.3092879522732517
12739,3.6688633700325983
9433,1.8238760997213301
10475,2.1684229089241787
8738,3.4973038518582658
9762,0.9262505272048027
10520,2.570322531840094
4265,1.5908000261170618
8769,1.6886482501935485
10080,3.2549323070507374
12222,2.291985068664033
4978,3.419330597273407
4688,4.283141057975634
3904,4.095542212698658
3580,5.035554605810117
468,3.618027215188015
6707,2.3837639067702496
1016,4.0078311699303315
825,1.8255995817478547
12052,3.1231090412853777
6272,1.459902007341934
3324,3.160979505025138
6850,1.1759378641885763
5039,1.6969052649056906
6577,1.460520213305172
2143,3.0082527581465777
3536,1.7673888937544728
9180,2.6983607707442587
6321,4.038654011121043
4406,1.599630426133878
508,0.36071634140991504
6942,3.5999689796096908
4072,3.3530429336603724
10103,4.464399382269423
4388,3.6739586510690168
9218,1.1715035527196316
4820,3.4066491531777605
10004,2.900111075027542
10846,1.234414234620238
935,1.358999589796598
8861,4.216032540566593
10436,0.5881296962288526
11626,3.549268496001036
5176,1.4888106517685917
10487,3.722989317142662
4058,2.6488029135639084
7790,0.6556600222545965
1516,3.627153934257042
11457,3.991765172557166
584,2.2660779174266104
8091,2.451016568569151
5370,1.79811929300816
11794,4.208407902969415
7826,1.499987280070285
12117,0.32836509352398263
9345,0.8662379170656651
352,2.4187625925137795
1064,2.364788590444299
5433,3.8964794214539955
11598,1.2890081679284684
7685,1.9776470088734852
8955,3.935347703652127
12342,1.4933637130322808
12848,2.2219978327045906
3284,1.5912844291898125
3022,1.8936270662936812
3199,3.537186887960061
7951,2.686900009484219
2783,1.4682614506927616
1757,2.1797813082755377
8118,4.803317027115549
7541,0.23331641799633382
11692,3.9079407495865737
2300,0.5213544561127794
6560,2.163710620407193
2459,5.475873846382286
10536,1.7037108788206046
6532,2.614140304137126
13236,4.1004173199292175
4078,2.355243437004136
11558,2.224252038172952
12095,2.124814919865444
695,4.6867821380785335
9879,1.8801657366517799
7779,2.425498447817909
10273,1.1977292971785218
6198,3.634621043823948
4279,1.204801590510196
11753,4.06621144293903
10176,2.4197727912295357
8727,3.263914672744395
2067,1.4740584825521121
8773,1.2909092937161324
11542,2.6968607242687797
10170,1.2907942757215087
13776,3.2724651935228763
5774,1.964943134016705
7424,1.489744213059144
760,1.3604918707013185
11116,2.3660735725153934
5270,2.5523094110116307
7363,4.64852401673974
3921,4.868051108303864
8280,4.365558845810482
2263,2.5341698986473444
6441,1.314734637230099
11557,1.4348989382917625
12635,3.146015166814922
8511,2.7369446258034307
7865,1.9881327886780162
8896,1.5006113721220582
10841,3.2177788511411336
12204,3.347136656325107
375,2.7324507552062025
12948,2.2130910753812483
8558,2.519829815604885
13719,3.4737280483096034
7981,1.8731244461466554
3773,0.9622944371465044
2585,2.198810275525669
2115,1.391438099078519
2671,1.890788879664258
8257,2.1426952891839584
2120,1.7899100359975415
953,4.458288174086018
7653,3.2276153348139434
5233,1.7646107239388453
4647,0.850225330356292
2429,3.343055491240059
2767,4.408490386070827
76,1.0114716829566432
9359,1.4634262465500987
9029,2.0600545766341702
8754,2.6327801047493646
10525,1.0114716829566432
11412,0.4828027818809821
10199,1.7465253883774643
8234,2.9853133835036605
6217,1.8654696152405212
5750,1.883726562358879
4109,1.6709067007171863
4673,0.5777408914318741
3897,1.6464485590174345
2615,1.601579275927222
1998,0.6447001562505343
1032,0.5685770675234745
1556,0.27640553483018904
9365,0.7806124263437277
5532,5.014783121735375
11569,2.0240522052844785
11197,3.3351399773351336
10837,2.216652508363056
10486,1.3639187601843459
6262,2.369062433660933
11282,1.7193494476435855
296,0.6414887687290711
6232,4.117391907790756
7599,0.7376064301923149
1428,4.006959572748193
7939,3.663195615955775
9766,0.8440892989142879
708,2.23298004558462
6023,2.019300234186376
2243,1.6707942015821224
9382,2.341277891193505
36,1.489744213059144
3940,1.797128713388493
11926,1.3872972208070549
9484,1.316315006238508
13524,1.2934687340794015
4526,3.7087884631425623
13087,2.2597571609705724
885,0.5856854429778231
7830,3.433327831880766
9485,0.8627164858270776
7770,0.8112678055696524
11180,3.702095343463545
8993,1.3248265837091089
8756,1.78022176290255
2772,1.424800611479518
1395,4.092353807397116
9219,3.2154192987534667
7156,5.192044677470312
3902,0.2975500706092111
3919,2.3216506437134607
1276,2.673606618702614
13166,1.0267392768220274
5990,1.0758392972182291
12031,0.8637944655424555
7302,3.6334867280680254
4995,0.49225759851214873
12841,2.1297108608422186
7574,2.355243437004136
13204,0.9653811177417766
13745,4.618602714936714
11,1.1968646684515232
4968,2.940346318496398
3983,2.9026497278606977
1739,2.5366343245783307
6702,4.115851235958582
8791,2.017726573674654
12577,0.9436711272453597
471,1.041046297435678
3306,1.6963959720900141
771,1.677570759981274
10510,1.4940866086087403
5219,4.773362694532703
9323,1.7512975876962482
10919,2.273958818639747
1799,3.074171624051735
1139,2.3110962351634514
6675,1.303396778499631
1712,1.7874128815243018
7354,2.8471464411299316
11004,3.783502839209263
10474,0.5863005922147632
9386,2.094259517072038
3043,5.606844655560222
3905,3.506735421248547
11317,3.0108531695066763
7999,0.5922827476381368
11865,3.252460933692781
3749,1.9514353873621109
8615,2.905741835640641
273,2.191898353290002
13747,2.5773823985160766
4411,3.310557326439833
6626,2.9386429926967246
13197,3.2791265914736742
10998,1.7146059052053622
1696,2.761056287533101
13289,3.3019280937643316
6767,1.2721813492118934
9163,4.724046450261878
3935,3.010673682007675
3721,0.925679925449819
4715,1.6598282314976904
3326,4.202629595033342
6579,5.0704923224802405
13332,2.515433713794515
10057,0.47382630315326174
4253,2.9386429926967246
10153,4.074839904330188
5548,2.0152361727508428
1322,4.719138021322793
8357,2.168927337894132
6206,2.043161791233341
1372,0.9853444798264445
9901,5.201793560258839
4469,3.395554069345114
9736,4.772240896747956
250,3.5081197771716144
12713,3.475855608388544
8252,4.401063628784914
5260,0.4603731238226732
3734,4.33661868334992
9431,0.9654593071182619
5995,4.408490386070827
7048,4.270863229659429
1079,1.0860825859842123
12288,2.7443681411002894
9779,1.376451595069856
3789,6.0790857455354805
11272,3.3481982355440456
6611,1.4913400519341806
13354,3.8879446038855106
6621,0.5796929802104692
1094,0.5796929802104692
2185,2.027925732877411
3323,3.6921151351046855
4085,1.9362011506136436
822,2.068139866484471
8285,3.9011720939344583
4651,1.3616689371635087
8286,1.3661946314537816
7345,1.1389400237399554
6876,3.2791265914736742
12464,3.219218330301495
1263,2.796520181670585
2016,0.7013435001928187
13447,1.2830703383208455
10709,2.913860879912656
7600,5.217725342253709
13791,3.574889384709044
750,1.472956773225246
4381,0.9121097645119822
12721,1.744392010937613
13347,2.9237674537945972
138,4.165954348310868
7271,3.1306357262233186
4753,3.023322919874602
4315,0.5645130386602639
5075,1.0862208268961806
12765,3.9325392081354265
11255,2.850150227786569
487,3.6223472587348224
10446,2.2988405944341115
3614,2.241351866228126
11429,1.6501734423551309
6302,1.3800249768432848
10108,1.2408416153018123
4788,3.0548075924308518
3321,2.562494826806497
6619,4.884154831895547
7866,2.198851908057848
5992,4.137517871504309
6266,2.168994815576855
13131,0.8041806563581483
4781,1.641079465090983
4094,2.883379268285299
60,0.36173391727005233
11856,6.621253786520784
6,4.0317812348837325
11766,3.31778248857014
10373,1.2180527676222566
6483,1.9018940111208449
5336,2.6550670637265865
12279,1.8082145025445617
7255,0.7919530507982833
769,6.031938381145368
13232,4.465175183533377
6822,1.394688157663517
12112,2.861428166587407
686,1.8447385796760647
8493,0.7793679154933155
3706,2.0204158388260214
975,0.9622944371465044
12768,4.557788763205519
1864,2.519829815604885
4515,3.544425342116532
10729,2.3865965052003406
10992,1.487537896064126
10809,2.3110962351634514
11551,0.3081665893315166
1569,3.0065115551634407
12900,2.6856026694313617
12632,1.0421657673074223
2198,3.7064400304870113
742,1.5560455787092016
3354,4.344747398065759
2848,2.8880988288003238
961,2.776564233656324
11883,3.5758423082171507
6218,1.570462372599575
18,1.0452975092583372
725,3.154703963895324
7198,0.7394214032361222
2131,1.5244680216459254
8103,0.9121097645119822
3480,1.7752483213641654
264,2.4773805856449
8620,2.5342709377834285
12551,0.730863607550748
4423,1.6598282314976904
2661,1.0776480817467133
8908,2.7576955314806617
873,0.9572716514999605
6319,1.9353973125178106
6170,3.978938667362756
5938,0.8744489306764156
7937,2.470018516311155
10793,2.420580068723983
6641,4.072066038184287
11918,1.817578653573238
6047,0.5839852244973651
4466,2.423462705125952
9177,5.616022478127935
413,0.8478978943202032
802,4.115851235958582
2721,2.0952637586641747
5952,1.6122707264337817
13045,2.320768500688544
3342,1.2658200223055638
2514,3.2465942304731894
13120,1.9090573869852172
13763,4.319205408853595
7847,2.673606618702614
7364,0.508045738893761
5062,1.4253176906549567
520,2.088257293584019
162,1.991681640890716
11203,0.879500169384477
2033,1.808622492904831
1477,3.8964794214539955
1852,2.93468743042362
3637,0.19725836070575745
7737,3.7725309929188855
7469,3.5184051473505455
6786,2.3273555919777777
4542,1.2455192859322113
1186,2.8754901367121604
8146,1.1501854553338138
3566,1.8245231046500792
1380,1.7776046526645424
2658,0.8112754830142092
5744,5.118948283888535
12914,0.9556591352967813
10975,2.0842865770253454
705,1.3406356241311834
1213,1.6347953982303933
12005,1.9776470088734852
5989,1.2090028784412619
805,4.465175183533377
8677,1.5214499805933361
13528,2.7392209188564975
11906,1.336736062415313
5166,1.9495515130961865
6946,2.829297234108702
3549,2.923982312038111
11159,0.5427364433637463
6701,1.3528957438828297
12102,3.3008753876881327
3722,4.224427924164832
3754,0.25233507035030683
833,2.953663510815211
6076,3.19162640067944
12310,6.336539807517032
10911,2.301602713483395
8411,2.9237674537945972
9859,0.730863607550748
13448,5.093531282167445
12954,1.1440165405747302
3261,2.561244447119596
7244,4.4445034993421535
967,3.798133833728438
3184,1.6915297755597993
7537,1.6818244894313439
462,0.2620472962409611
2991,1.8825684969504382
4996,1.7926574374657263
13515,1.709075409343852
4028,2.2959611441004015
9112,1.6246400562769334
13547,0.5777408914318741
13212,0.2490619231553613
7477,4.7182786083808885
2563,1.7785779950416287
8726,2.631956580352856
4560,1.591118363803897
2113,1.9956151383000915
5391,1.1607405540520752
4243,1.696751248477675
7976,1.419813728736202
6978,2.490852163770784
4693,0.8462005685420759
1505,1.0932088833565288
4648,4.368941991852049
1724,3.966201884652725
4835,0.6003127714558901
3517,1.2628834989794417
4871,1.2376816504411317
13061,1.4958934808021946
1845,1.8311788636235549
6928,1.8085410935292576
286,0.9543065704201398
6773,1.6726755948226792
0,2.664360844589078
5044,2.1698133487775215
13488,4.373602215414149
8800,1.4742579534131102
4958,1.7193494476435855
9505,1.6699252346640032
7174,1.1078990075721362
9638,1.011813364969957
667,2.788207517811868
5922,3.6543865907529707
1102,1.7512975876962482
1,3.471429740947991
4917,2.6943916717196843
10762,4.900771309280557
7429,3.3430596940665662
3866,3.33945654834217
11099,3.855481438118628
11060,1.327890071319422
13629,1.292726854939465
11772,1.8266869399675905
8065,1.918226265245125
11129,3.3591211086911175
12209,0.258227873393079
3287,1.5699598250124496
13251,1.705881344846305
4331,2.1684229089241787
3382,1.9128995482167306
3623,0.7919591404930248
7929,4.570688367044446
5013,2.8919408356082594
12215,0.8615407136069162
7396,1.1694341295499415
2550,2.4964888112370907
3534,3.421855633212183
8682,1.7037108788206046
11447,3.480813536899312
9236,1.5982679951084588
5629,2.729682840675335
5788,2.907190382165988
6666,3.599936347972178
1973,2.8666769937122707
2842,0.3976560555098687
12754,4.996648475241807
5190,1.7834896861142278
10854,0.9304088749265479
10370,2.7926166804997012
10555,4.981373551497095
6178,1.08598874013691
13184,2.271053545559632
2634,4.874209034371015
8150,3.3914773052742992
7514,1.931626450386541
9773,3.468777777246652
9743,1.2512629131031237
4044,1.5915697726544038
9032,2.406355023615407
902,3.9464400398750272
1984,2.7536867552818083
552,3.6029567681142356
4778,2.22915649407184
1241,2.142625241542786
8858,1.0597257980476789
8862,2.4035535137673696
6273,2.0331167575176425
2124,3.3351399773351336
13293,2.5293629057488807
316,1.8255995817478547
1723,0.5451423800727516
1130,1.5878583954493368
1430,1.1395504059151147
13444,4.224928186397152
661,2.815858477107086
9399,0.2730353350936997
5973,0.8592645728390647
12066,3.526371106905639
4643,2.1676398651445044
8708,1.5241482457644049
7286,1.7292803837954913
1995,2.879868108979264
3116,4.1943484787043905
3744,1.4748711792447886
484,3.8413357163246937
2211,1.66888197468363
905,3.8920481851850326
5048,0.8884481182196794
10836,3.6554783566464484
10997,2.6728734484175325
9646,1.6798020396056181
9432,3.163904325827761
7844,2.392309993743477
12107,1.5324189740157925
10177,0.9654593071182619
235,5.250205344638017
8370,2.1118560639917248
7032,1.5903983716646175
2834,0.9574844372876596
4685,2.7219766947225223
7426,2.3015243311978573
8059,5.871942857783126
3214,2.1619635204998326
5028,0.8874750392150792
11632,4.550596907990326
10392,1.4307552317886931
3328,2.56672628035498
4628,5.871942857783126
10726,2.9477895360484396
5600,0.22346598199474194
12078,0.5739844750494186
7807,1.1977292971785218
3220,1.3414186579116647
12437,0.5433563852485457
8569,1.632868283373851
7257,1.9237674008361998
13082,2.631956580352856
607,2.473702546977523
13813,2.9775889302400986
5163,3.7064400304870113
8471,1.3353523357682968
10968,3.4148593307744086
4448,2.1894284471817116
6488,1.9071199453761198
12253,1.7013348300966322
10930,1.7440784712600204
3349,3.004421147299399
7925,2.6327801047493646
10803,1.8856716665977307
1647,2.5226796832291796
6105,1.8788816881742239
3763,2.7558294222180604
3926,1.9185991854792872
3484,2.3476963644140008
10013,2.3694974327264906
5175,3.4956320910599814
6215,1.648409467691154
3489,1.2726369217490672
13823,1.8271703946837792
4111,2.4610197608355624
6360,2.71887873284957
12397,2.1684229089241787
12203,1.6590810501701962
5655,2.1839339213144586
5897,2.80901133521847
2560,2.966444400734257
12732,2.264799105962137
3294,2.3847407942311887
10061,1.817896809448679
9424,0.510223750343008
5961,2.28988622037168
10076,1.7512975876962482
3546,1.4103607017276683
4390,1.8925184257413623
8277,1.3370115449652054
726,2.0412487018335237
11496,1.3965418583597307
163,3.722989317142662
5504,0.9148752992062532
7414,2.9801132042723983
7061,2.2458808343644523
6086,1.686399218483381
9030,4.304825687957627
9558,5.7542866702601
1290,1.9136075791986853
6301,0.975067104402076
13077,1.7666973020708912
6555,2.9375175594196796
9890,4.512556502091194
3282,2.6488029135639084
2631,3.0848366894083252
1480,0.8606758200338589
12926,3.331766732723372
2279,2.054933443925902
7315,4.176135265239734
5568,4.408490386070827
3193,1.646799449642356
56,1.466163450924591
4233,0.5163689060692588
8496,2.2925691305874167
12879,0.5863005922147632
372,0.8478978943202032
12840,2.0632727708908645
2504,1.4163806166869477
6784,0.9751485808156882
9591,2.1585616514179415
12450,2.2508550215238823
9584,1.1224423772034096
13737,1.6311887862706556
9073,1.9369609565168804
555,0.9857559153542476
10539,0.5863005922147632
9445,1.2934687340794015
9343,3.4726710704542794
181,0.9556591352967813
2076,1.5304301288429731
3355,2.7536867552818083
11682,1.094435005211976
5218,2.8687903158632038
8765,4.782193874565849
4613,1.8742296862171224
7898,0.7166343957907156
3322,3.2611249351259324
2535,0.5777408914318741
5892,1.4841814245375824
570,1.8023270635245843
8166,1.6709067007171863
504,0.5598574075284698
10269,2.078629602654832
13701,2.998740345732097
957,0.7394214032361222
5822,2.413284625662564
12065,2.1684229089241787
10278,4.532728476385713
6100,3.575869436334711
6603,0.4979466789823815
5041,3.9042491958479864
2637,2.320768500688544
5862,5.207002092419044
10770,3.313660457393694
5557,0.9755537587077501
3046,0.8744489306764156
8898,5.111853720037798
4878,2.6612590472452053
2035,0.5936822299892136
8782,2.627231120104494
6623,1.6347953982303933
12349,0.4482502536597693
9107,2.320648991576461
2057,3.985108536114916
9707,4.408490386070827
5676,1.385687022181732
12994,2.105958664738812
5329,2.4085051787596305
740,3.153072266048696
5530,3.355571102345279
3369,5.24877291038822
3100,4.119581421140979
5721,3.1296624566736844
10797,2.248844946577547
10644,1.4403619314642055
9062,1.1625997144611067
3548,2.902162259390088
1902,3.003362904092228
6546,1.582350418305638
1386,2.061928777887775
10244,0.9418949216926781
12254,2.416686972966214
6205,4.176135265239734
13012,0.5863005922147632
8330,3.7456600492863985
12615,4.0317812348837325
8002,1.9344664339751323
8539,3.024482832206371
640,0.425406145885814
11414,4.72814491336678
2911,0.27035660973535697
12169,3.0254501543309877
826,3.4077162977033666
5243,3.230629559135979
12623,0.5991430689809194
8272,3.0041475808531377
5936,2.2329379308498605
9900,2.4340345696986687
10909,1.1488127076668264
13046,1.9460451491595487
5347,0.730863607550748
2252,4.321990521402777
8864,1.5096478280881278
11697,2.9237674537945972
9293,1.9780531410541824
12842,2.0242444798568737
10079,0.9280237285388351
10211,2.549984112692208
6677,1.1474620608564665
8823,2.909475267881954
9273,4.276082875643052
10601,1.626852507727398
13038,1.2440694743432124
8476,1.7679308888576937
6640,1.353736180999002
7510,2.137781261763607
10948,1.325077825841528
11760,0.5297321837086388
2672,4.762590292882252
1393,3.278766420042632
10659,2.2539711485782843
7318,1.3644434062986284
12694,1.2348487765019176
1955,1.8786545865371276
781,1.4110219341545869
6938,2.7926166804997012
7171,3.0975254859377594
298,0.9788042780119849
8399,0.7177507538193839
13340,3.7249619484251046
4712,2.039709806809365
13567,0.7048910775798448
6040,3.71808237356585
10396,0.4090230673720042
11948,4.909240106949201
5355,1.5760246128036044
3471,3.8406211401928148
114,0.8214634546285007
9459,1.5149374712802148
39,5.083597651002401
8920,0.8391038831668749
6303,2.93629554854031
371,4.408490386070827
1127,0.9408539274712258
5482,0.9255870821444306
11494,3.743601184125947
8208,2.314501477210642
1508,3.006563928007119
1091,3.2749157016249533
10594,1.4232940160483312
7583,3.047969542877229
4787,1.6130015345636892
12934,0.9622944371465044
4488,4.847214104562088
4125,3.0031675993022913
4946,3.6932463092751413
8444,0.19725836070575745
8216,2.997410706026868
3080,2.318159232898709
11664,0.5724913016453649
3028,4.088065350582325
10253,1.0569265506384724
3918,2.295007652815077
10133,2.2058186698265847
5919,3.7543142676791446
6049,1.7465253883774643
10444,0.9494284400147689
11897,3.4782839148140594
6114,6.587628457144321
9928,0.8059981421959875
2024,2.0309262283118956
611,1.9678287708124522
3783,1.573693999502559
5360,2.9137639732345564
7931,1.7478076954554178
12000,6.696565534538853
9138,3.5685183330088237
10743,4.427173945269723
8937,2.2039280317217993
12664,0.2743385086932179
6087,1.3432394407074861
9207,3.3189678030951857
1810,3.506735421248547
13489,1.591010009460872
11423,4.056142298204902
5107,2.1709573639315725
5780,1.3357614317803113
2444,0.3034402957717092
7732,2.6792204715268446
77,4.672399773868188
1965,2.6550670637265865
7010,3.995090023048905
1455,1.6751089379743143
4896,1.538045504828957
3807,0.4655590714120508
10482,1.3777352567896972
325,0.5029195214610747
11634,2.6182969104803386
12297,2.3193165663631063
3753,3.4671776934821303
6426,0.5615735804912693
514,1.286468950890229
380,2.6494608942803017
13309,2.8369874054411217
3871,2.1808227337327493
9021,0.9318392579443833
10597,3.475145544142851
12740,0.2914318958308576
6601,3.066892100510545
5443,1.1547309715631142
9973,1.4033869925962181
1795,2.1796984010720015
9518,0.5777408914318741
5106,1.880897411288052
7634,2.3724316081075973
11264,0.9360052797445606
3957,1.7646107239388453
4223,2.7254190257300817
4098,2.523324229084203
10926,2.7576620670408922
5038,3.4545551043042746
1326,1.8142579962248964
8262,2.786030056173663
9519,2.788386953145182
8064,1.7365587300608845
1868,0.4812235792580249
13474,1.5190804067107613
2306,2.4935161335702283
13455,2.6896431720716008
11367,3.6610851064545438
7392,1.0010987201642012
4805,1.458982753705235
4202,3.9841042346674254
3876,0.3892670653708023
11671,1.8389000100633432
2247,2.289441755909029
10448,0.7347770690630894
9064,1.7986981601008774
359,3.348033793176793
10587,3.8271450044231874
942,2.346601357961072
8742,4.408490386070827
9185,2.794052128507742
135,2.1596714270908413
8155,1.591010009460872
8056,3.0393483562614
6696,4.731751162022637
13200,1.538934292863459
7431,2.6615830250855264
778,2.3506663692812824
12819,0.5676209187503968
8598,3.0599565492966496
626,4.568646685960634
8610,0.19367396514231447
4907,0.24818981416802163
1794,2.4467483564110175
9907,2.0046346246501834
10160,1.6074216743200866
4463,2.9780279757229717
12541,3.971940697808851
6588,1.2658612629491313
3194,2.8879934366477835
1939,5.976750523602968
2565,1.8311757052155015
775,1.2391137470202156
5580,1.3694598163048075
6742,1.8495776556091337
9414,4.088970915690275
2592,3.2518658878860154
3002,1.4395069343179698
10912,3.8126113576989207
6992,4.62622026271256
934,0.7806124263437277
4179,2.426818465210962
7208,1.797128713388493
7406,3.0340220627334804
7288,0.9203578810380363
6469,2.965881444403936
600,3.342634447544274
361,2.0115511259918875
34,0.879500169384477
11646,2.0785668529289105
7546,2.1684229089241787
8454,0.3179678447789133
9869,2.6945732096264203
3554,1.7465253883774643
4564,3.1471102313808546
6277,1.6478180216089948
6879,0.8122189773391499
6261,0.9364790180996508
8074,2.3642537487074673
12733,4.211697977018784
6699,1.278055628731565
295,0.6026400390459116
1867,5.04411677722524
9852,1.6891084956738305
5071,2.2407647260197154
863,2.392309993743477
5997,2.8969457933534244
1194,3.282317464105451
12396,2.573753659338889
1682,2.767301976200037
10512,1.940446771364983
11290,1.5590265300707549
4789,3.701072825623547
8600,3.3687522578201987
12850,2.0466489756387403
819,0.765249230794201
1874,2.8958476444088097
9120,4.077558569099206
9190,2.1684229089241787
9168,1.2559795227390789
13761,4.457570854946626
1189,0.5881296962288526
6274,2.027925732877411
10642,0.36139667918413154
11499,2.377803276696946
9740,0.8874119105948846
9733,1.9237674008361998
1923,2.4563598635302752
8790,2.0150821341657243
11947,1.8311788636235549
4528,2.360857995545817
5727,2.591539475128044
4865,0.6806175545684626
3092,1.2945561343207828
3875,1.7512975876962482
4215,4.404380030596454
4088,2.615008869332499
2572,2.354772587561602
8442,2.8586393872069533
5792,5.0776001235658175
2171,1.7604999801207981
11162,2.4138785324305605
4579,2.1056099939034665
12727,0.3640195286051809
2862,6.526880661185864
9052,1.448663391335942
5408,1.186529519728334
4796,1.8671991838483917
349,1.4075183582944912
11548,2.7693964243965583
402,1.1348487964620677
8134,4.211697977018784
672,1.226825581092659
7577,4.695853187130464
3709,1.0533386801794267
2089,0.8173337119315784
4176,2.642986026349195
367,2.6327801047493646
3038,1.925440162892559
6196,1.2068539898621027
10882,0.36139667918413154
8261,1.8908356721040926
16,1.6886482501935485
1592,3.9015928089468845
11951,2.240425184271239
5685,4.486463256952073
3241,5.003205489503209
5093,4.473012491488347
3393,3.29523672995358
4101,3.6952725564026143
4556,3.291311489488125
8547,1.2644807836941279
6649,1.617094217422624
7249,3.8680728285054657
8508,3.110632847576739
144,1.4112735903256812
7356,3.1989181211770554
3767,0.7492007363895682
5214,5.996260722568752
3001,3.455689231682855
9855,3.023322919874602
5542,1.237635659338732
12,1.489744213059144
8269,1.348167753910443
2445,3.177216943798849
7422,0.5298870549853684
10534,3.534994235044438
10344,0.9764627297688115
9583,1.957636440402365
7521,2.6103049763605126
5307,2.3056019419299316
6453,1.6041882161987646
5773,1.7405256757405456
10174,1.3528957438828297
13678,2.438930496337966
4875,4.589469686175789
1906,4.408490386070827
2540,1.258015433867793
1224,3.6165056599238508
4499,2.135927711136285
5178,1.6171708523918686
925,1.7292803837954913
6464,2.565424970930929
6680,2.2650785345961144
4966,1.3675145345553792
12426,2.2171072028930827
794,1.8116126628533706
6694,1.6394416863714991
12501,3.9464565891624095
3335,2.6960357960101926
9482,0.7185034262637812
11089,1.385687022181732
543,4.567370920619012
625,1.6915297755597993
1324,1.378098649592564
13553,1.284594810450025
6543,0.9531420218516202
1519,2.1675271498628574
11683,5.871942857783126
13162,1.2671037581680342
1415,1.78377634517772
8808,3.7714963867085083
7891,0.9222792522143753
5657,3.3292577236811822
7526,1.2434679973425347
11833,0.8842275416111619
11223,3.248134634460468
10055,4.61926399936885
12367,3.2359629040178106
2525,4.838336200113654
13688,2.570016950763312
8484,0.5811386896241855
2736,1.1194889423735979
1778,2.6856026694313617
697,0.9129302476585249
3332,1.677570759981274
1144,1.7682821666351072
6387,2.9258578616586393
5709,1.4038932102524844
10145,1.8353618312837507
5575,2.548823458687315
4097,2.5423965322380915
322,0.8193813965053456
6415,4.1060452487462165
4994,1.3965418583597307
13018,3.9414682459516217
13033,4.759485938513366
9095,3.2446297026826603
6526,0.48709562242687926
835,2.2238094434550923
10877,1.8363772137596461
10812,2.494799518705419
1813,1.286468950890229
10938,1.4323080722366641
12150,3.1714146393819442
3791,2.8286154275805906
8202,3.50479868454096
9887,2.9118230690702385
9472,2.3813535661973364
3240,3.929397956570538
10132,0.9653811177417766
374,1.9128995482167306
524,1.88064450472703
2388,1.688059467914521
832,1.8856716665977307
8375,2.6786017931880743
1604,2.4519297528952166
2526,3.24629645261558
7178,3.1581820188957246
84,4.032158264992317
6059,0.8391038831668749
1942,1.292726854939465
3410,2.522258969246321
30,3.3727772994527485
2983,3.882908088632047
13601,2.4439556211346125
865,1.9813836100327182
2356,2.3843446454186217
6782,2.96791628672805
3601,2.6985556254051852
10415,2.512183418834718
11661,2.639715051953919
6607,4.795782620987529
3982,2.6438049298401607
10362,3.1595191978214086
2902,3.2862507794007563
5723,1.0664803585023597
5690,1.7111180338422685
4576,0.8931620127956095
12176,2.005399543689143
7447,2.734121061484291
3452,1.303396778499631
1304,3.436329710645425
1339,2.5034378186188593
7373,2.224080747075756
4384,4.688226072442621
2579,3.412650299368315
10962,1.681380557341249
7082,0.17117770835598428
3431,1.0322752774286736
9700,1.2703461566638605
12245,2.294561634581986
147,0.6220605225975862
9026,1.96986650890173
1350,2.142323392625834
3967,2.2539711485782843
4385,2.66130816755096
5593,4.408490386070827
1561,2.3638509086961963
911,3.3638988302485116
10457,3.292620411914902
10545,1.95523869953827
13570,3.800185675203535
5702,1.9748930140846148
7357,2.115226617513542
3862,1.246935112942944
7162,4.176742942725301
9279,0.2961446587468627
8331,1.3602374766590166
608,4.490388091568776
1021,2.393598375309928
4731,3.272800283462846
2330,2.295783593067981
13057,1.514040556508009
2493,0.9147614762200232
10657,1.6760109299796353
1184,0.3181509869800006
1875,1.9797381085214647
4439,4.449291035264181
3812,1.4794229043374763
11849,0.9436711272453597
741,0.670946814781801
11068,1.8969124465140978
6227,2.6156101263813385
3528,1.5411704763511074
4454,3.781748742320269
7218,3.103017432414676
714,0.730863607550748
3793,1.186529519728334
9520,2.5432496494960453
5786,1.07930696482322
9009,2.8072265012959603
10140,1.8666308570461414
2135,2.114379847156075
5478,2.317176218194264
11336,2.7359616965458766
1287,1.7515819420835108
4410,1.355768874472066
10691,0.24744455511381314
12658,2.918158759346607
5931,2.546491194493233
11276,2.196832364820051
1037,2.6664197679120876
1470,4.301120467718086
13136,2.7053038054014764
6440,0.9934674052904484
11910,1.5773846376216263
1585,2.1286415231471634
5202,1.9201518710978152
4585,1.582350418305638
2624,3.9830407481571974
257,6.068093798213151
11852,0.4341450176108696
2411,0.91032804261301
5324,0.696026994534929
7083,0.8628262894584456
9963,2.311395437306239
12818,3.2384897602912086
13370,3.620929201250233
11469,0.5088215742852898
11617,3.619999689213626
9448,4.517692194595646
1394,3.112459494931823
9037,0.730863607550748
3115,2.0309262283118956
1025,2.9742327090439833
11895,3.248134634460468
203,1.2467043840319614
11053,3.0041475808531377
4115,1.3965418583597307
575,1.782790465754745
5535,2.0003183322518727
6919,4.305107602948663
2273,4.78203101672975
12301,2.68907689315371
9585,6.324619129954908
12284,0.9683104851009446
3087,5.931529628320595
10583,5.987082939588882
10832,3.7325891459161573
8377,2.4439556211346125
12164,5.096097999178254
2701,1.9783819737472887
4148,2.824208072552266
10739,2.7926166804997012
11357,4.408490386070827
10439,2.5558978287914647
111,1.7465253883774643
8363,0.3509561720244099
11708,2.30678508095938
3021,3.4295780315109266
882,6.411274279802014
5633,4.66881000911219
12148,2.558524017577433
3453,2.292559390887767
6284,3.2504519945358834
3339,0.879500169384477
1478,1.727518003073277
13072,1.2767183689957582
6663,3.397630157323224
7066,1.3165101682489924
13770,3.575869436334711
8885,2.6189690865560866
10480,1.7089441652227064
9652,2.115226617513542
602,1.9127224662645792
6348,2.143908127535515
5124,3.107881191857412
913,0.5739844750494186
11449,2.3638393877802835
1198,2.7241916982616394
1765,4.097170939784645
9828,2.2707628532322954
11799,0.9765281372441335
5697,1.8823117381930903
9649,1.5686813316337576
2389,4.742522048871316
8761,4.750156765408832
12097,4.80943866703927
5074,1.2539024618564576
11098,5.178691280693644
989,1.5456585094831545
12892,1.4812538039048786
3725,2.2957505712854043
7456,0.874081125226864
8125,1.2348487765019176
11843,1.9104789094059111
2595,4.9932092608752665
4083,0.9220477004648572
7745,1.466163450924591
7657,1.9281255048845716
3254,1.0707795282487405
3907,1.6521900042000406
11993,2.968230043921539
11687,1.9062260868104715
8688,1.2811889536666081
12021,4.192847514669479
8040,1.3870707442270576
8143,3.473726390905329
13047,1.7176850112108242
11921,2.0888509980250345
9953,3.357789980756734
8129,1.0680405271425886
11075,3.445648319441308
13143,0.8250280354487207
4727,0.5610115019739461
3296,2.748235835940996
5299,2.234791711560807
7299,3.1839703754802025
10672,1.5411704763511074
9147,1.185161061539126
1006,1.5483086455353092
6851,2.6550670637265865
11200,0.9436711272453597
6514,5.124299608587427
12493,2.091510744276967
13333,4.299768469760782
178,1.2660676777648814
3542,0.5751529418880647
8165,2.0319001916104695
1352,2.4293393112938277
6108,2.320768500688544
8566,1.839952947093223
7582,2.0150821341657243
26,3.8657036135541314
2743,0.6205213571001094
13407,2.6856026694313617
1105,4.582231356297184
368,0.9440010475096313
7511,2.641457892753502
11085,3.4261223732287327
567,1.8809845378215218
5618,2.820860701145525
12241,5.138417674470908
7331,2.224252038172952
881,2.198810275525669
3290,2.3000072846934105
11547,3.781748742320269
8214,3.9854735799489407
9939,2.9785338938033794
6367,4.557788763205519
12701,2.4988940109733524
4951,1.7366219440721322
369,1.8001825359374248
5292,1.090690522058754
1468,0.9436711272453597
13380,2.6330294434912553
4925,1.6171708523918686
12673,0.5576569280908937
8513,2.3724316081075973
4884,0.879500169384477
5303,1.426322574202984
7601,1.755428893304013
6021,2.0309262283118956
12659,3.2754899794843646
3098,2.6968685918323025
3465,3.3099158694376563
13670,3.7675765408055137
12745,3.3245332546050745
7855,2.732622104235383
11267,0.5571386218489323
5677,2.907300026739017
1544,3.8339695382281804
6834,2.408525504520106
12706,3.004421147299399
12832,1.3295247258447958
13429,1.5246250885256858
7505,3.103107283721711
7873,2.742916465209263
4228,1.0269734299244277
10894,4.554711662134554
9800,3.1533045375319144
12131,1.3707602275273911
3599,1.9222387809456503
7029,0.6205318598550104
4422,2.649231506689614
13687,2.355243437004136
10961,0.9653811177417766
5457,3.520171777487599
8171,5.124914036911733
5764,0.9751485808156882
9053,3.0173397432747837
8089,2.2032198353797328
4827,2.25493508747387
4313,2.4724399485715813
10942,2.640617130939049
3411,3.6552419682968056
4926,1.7698483060431125
8775,1.3064368936454491
758,3.673055494647265
3426,0.6300624678141239
1511,0.9457418231417197
6399,4.633580759412161
329,1.549326999915353
10553,3.2884576193794945
1471,1.7785779950416287
1123,1.4349348199450813
3395,3.1733768616618647
12887,1.6354875551583692
10763,0.9788042780119849
8796,2.77908166646763
12099,4.9455096189812515
8704,4.170022879009781
6950,1.7292803837954913
4212,1.606069429027309
482,3.0975254859377594
488,3.9186750170384763
288,3.397630157323224
13343,1.8374434785031029
11334,3.1657785918637136
3792,1.929647386518517
4430,1.1734442265537415
12306,2.5559823837756497
12789,2.240425184271239
9111,2.364788590444299
1899,3.214216592866229
12773,2.2905370699983805
12029,3.4726710704542794
441,0.5881296962288526
9761,1.0789797760749273
3149,2.673613669484401
5531,3.4682590894654908
3402,3.065194998064761
4575,1.4255140045873342
4908,4.068234978123059
10451,4.915007097890921
10349,3.753927544758394
8294,0.5863005922147632
3041,1.279074956461372
7167,2.5995958676995006
6024,1.8982277703723418
13391,3.6488599164849185
1952,1.1932706381046199
3923,2.6327801047493646
3976,1.9776470088734852
7307,0.537613145788666
10960,2.6856026694313617
408,2.1684229089241787
4696,1.7403544741461094
7643,1.6092683918665607
6414,2.9131174728925937
5714,4.714865256099678
10741,0.5186001477664902
11262,2.844857051639636
11048,2.575311716144603
5675,3.4863525010550207
7994,1.8663084833378498
1883,2.766004869532175
12924,2.1981810120394796
4634,1.4128162283213173
13312,2.137724937260538
11349,1.8311788636235549
13556,1.3756465312425974
9813,2.9386429926967246
7015,3.2871552043365018
1291,2.4831539862696013
3088,4.305107602948663
8107,1.7146059052053622
5965,2.027925732877411
4249,3.84378205660849
1667,2.369062433660933
8575,1.4632084266237206
12714,4.401063628784914
2400,0.6890675528242266
104,4.3321250363682795
11232,1.0717674785339193
9803,4.193224030667846
871,4.220916786747132
11289,0.8202559191367026
9114,3.347136656325107
7416,0.479061381675407
9637,1.7114530866818312
12361,1.6873778905330432
2262,3.219159111492332
1954,4.762590292882252
3463,1.8973772079885227
11868,1.391438099078519
4664,1.916778772449839
2831,1.2123457484092142
583,4.0821004964521554
11188,2.8814554795643996
1199,1.2108049624402875
13283,1.0757383513089442
5684,1.9141174787362223
9390,2.519829815604885
5906,1.921518745908889
9894,1.2811889536666081
9361,5.057604660693016
2714,2.338978051219687
1759,2.360774032856402
8324,1.6126341307767462
12612,2.624588954326675
4733,3.17686659702511
593,2.7592068842384605
9956,2.2680903089717153
13321,2.2865531972575934
8449,3.348033793176793
1985,1.8107087526658971
10379,4.637665593361247
8433,0.9991000077082504
4106,0.5936822299892136
4745,2.5195199549830036
2022,1.9055237448432287
3913,1.2845289582251302
5835,1.3675145345553792
1842,4.364245419915665
11124,1.8266869399675905
7718,3.445648319441308
785,3.388322007310254
9590,4.777801620658712
8979,3.3727772994527485
8640,1.3414186579116647
11637,0.6152924200294309
5842,3.981782081125912
6652,4.408490386070827
7903,3.6521358607489334
542,4.6117201041743
3732,2.372768881099846
9243,3.84520755801402
3438,2.3942986513021123
9439,1.9071199453761198
2452,1.640593116950174
5103,1.960445300654227
11657,1.7146059052053622
10179,2.236946914910222
7279,2.208503278094437
13525,1.8804733164616398
12963,1.0937514268064457
10927,3.1580586226568994
4455,1.6770985713552082
1732,3.463244836456824
10449,0.9567332913440824
11183,1.0569265506384724
4605,3.099492152988505
426,3.7678516931610626
11559,3.3311518268673206
12761,4.164041353265062
13219,2.332014637198067
8643,2.4379365753732576
10777,0.9310359188808702
8429,1.3064368936454491
164,1.662744308258631
4980,0.7989965830927582
2508,1.2355930318590598
9046,0.5983948149787185
10043,2.3450518107396014
11807,0.8193640814725227
5149,2.824208072552266
3879,1.466163450924591
8946,1.6347953982303933
4343,1.6578174897540419
4774,1.489744213059144
12373,0.9982515426399984
13625,4.800630013808686
2090,1.6933855617984908
8356,2.737382057919515
10131,2.150755475854181
9908,4.810980088038204
2527,1.4279710011609381
12906,0.40351273143311056
9334,1.9776470088734852
1930,4.507964966111348
12372,2.1775859525836276
12376,1.233470815548976
8336,2.461718839830852
7784,2.393080378117301
13091,1.9576307935082655
5497,1.1389400237399554
3646,1.9956151383000915
1132,1.0887530057705632
11724,2.5012398765617063
5913,2.0827558457126245
7846,1.8364821505396443
11533,1.5589689977560717
8608,4.157460907677006
5460,2.7298717854688026
461,2.8317591563741487
8029,1.4830482754217957
11248,1.4677904035599165
7700,4.70089291979263
533,3.7673125915271757
1974,0.8462005685420759
7775,2.851973004936986
1663,3.1902846513037115
3032,3.5050086517157437
8865,1.405265736138711
7070,1.5631302750365457
3640,3.2013177768141814
1708,2.2264467918403246
746,1.0114597429663603
2368,2.606978714879322
13690,4.429657765762366
5724,1.8153931743766951
6046,1.5167044760098796
140,1.8409936885223865
9839,4.668438360949191
11838,4.408490386070827
11929,1.1241600348170828
10308,1.8823117381930903
7772,2.6869938868889247
5473,4.4667682997743325
11954,4.256132010100542
9249,3.0184787230930272
3235,1.4794229043374763
13107,0.5887375315426608
10376,4.209224538931618
8565,2.458808900512032
3678,0.4862996868479367
5847,2.8920278030230495
477,2.830476943351417
11395,2.1684229089241787
2552,1.6208965920236507
10713,4.366359489014399
330,0.994597458664225
12051,1.1926083337199158
7557,5.666167488764058
9170,1.616168584315972
1042,0.8193640814725227
13635,1.6818244894313439
10347,1.8953142470749447
4622,2.45462668517455
10905,2.428450504242258
7968,0.7847561034032899
7313,1.3552553386097081
3064,4.131335213172969
2289,1.378098649592564
580,3.5685183330088237
12037,1.8968354009584945
7682,1.8663275725954693
4432,0.8425639967104692
8355,1.0152759436528525
3068,5.0168298072736155
2815,1.9082061607431369
2965,2.6550670637265865
4204,0.521266937257028
2157,0.9736926928508441
3995,2.509335446523947
572,3.2184598050464994
9435,2.087815497846018
11047,2.55126809785192
3513,1.0358252050057013
12121,1.460520213305172
9663,4.456923143021533
12167,5.857135731727066
7984,4.087059043223987
10228,3.747220538203864
8203,1.4161454008305459
7953,1.2617195108807262
1622,3.039195087910045
6018,3.1352760971819276
10866,1.7512975876962482
1233,0.9840173471228615
8668,2.4724399485715813
6569,2.908660012668646
10037,1.0649797529946967
6442,1.646799449642356
4438,1.4924595330604926
9992,2.2238094434550923
6089,0.8229802401344906
2808,5.239203119764852
8145,2.7299154692098297
11861,2.5066674217607843
10576,2.6189690865560866
1950,0.8382910396442635
13694,3.1623111570164197
663,1.4312234805112498
10579,3.1687321830669632
8274,1.7646107239388453
3420,4.084214337684977
11344,3.2604343356260115
12181,0.9531420218516202
7072,1.5903983716646175
12326,0.6993067476287048
4505,4.371749165658388
7158,2.1892123508635075
8646,2.2627691872359885
4090,2.4978576463086917
2328,4.448706897257476
2625,0.6986971205796045
8793,1.7512975876962482
10819,1.416396819085864
1802,2.191898353290002
6564,1.355535278384528
10406,4.075988669950603
2122,2.489159024803048
12257,3.2500830082961745
12515,1.729750282467081
963,3.1879540773917836
7708,1.284594810450025
7265,3.939626652485191
2260,1.4924595330604926
7904,4.192925913253721
13031,0.36151321083853966
11501,0.5385332893335446
4667,3.164833412040194
1746,2.8225767198599354
9691,0.9176283466571474
4800,2.519829815604885
9125,2.824208072552266
9672,1.645949456463436
11210,1.413088390212224
13238,3.333672644581745
293,2.883379268285299
4779,0.6152924200294309
4574,0.6039931910802425
13171,3.0991469115296537
4691,0.5371413402672216
12156,3.827473752683925
9975,4.007286140212225
12693,1.3180758101461594
11222,3.3954804965357477
11363,2.729025698187452
10497,2.5785537954960973
535,1.7982468403152816
2668,1.3925699315369133
4473,2.711278285417961
9877,0.9684384196997982
4913,0.8291275004578503
13335,2.9785338938033794
9681,3.800185675203535
319,1.9237674008361998
12331,2.626868189334813
2268,0.8394959350777669
2495,2.8655395197093765
13334,2.2895571721106562
7380,4.47477396941475
6592,3.023322919874602
10630,1.0154882752682552
11899,2.1684229089241787
2006,2.7155784951857833
9403,3.014098315403086
4370,2.953663510815211
5873,0.95450078599768
13224,2.3869035785047097
2739,0.994675298417563
9157,1.1183593480412561
3459,2.884008563898325
8115,2.7590937983272092
2820,2.630464187376305
4232,2.466574170902794
12690,2.3061909990432095
9664,3.5419631980880966
5308,0.9166164345049598
2556,0.6343113514535559
2977,1.6345788583919254
9884,2.0133097101579827
6657,2.483058425932363
11028,4.668438360949191
3652,1.0031499797283623
5861,1.053126173068131
11191,0.6463460348222664
9299,1.8969124465140978
6362,3.4880611139105557
5070,3.5322701303567547
8382,3.6355865740932827
12670,3.530032943025114
10184,3.5997075687333555
9282,2.367605006636771
6094,1.0689556423505433
4912,1.6699252346640032
3344,2.466574170902794
9627,4.543514616886121
2099,3.747109609016789
6824,0.425406145885814
13083,2.7576620670408922
7378,0.7837791698225374
3638,1.737594613463102
2047,4.160824114989557
9750,2.6856026694313617
7211,2.923982312038111
734,2.6415043074565645
1619,1.8978517159698294
3012,0.5319950557679944
100,1.8726445969232635
3359,4.686210011361716
1313,1.9144189898831327
11656,1.0494601550658957
12607,1.2467043840319614
7436,0.9421544323085245
5733,1.3041380264829232
6836,4.401063628784914
1495,0.6667691492650926
12046,2.6779626601659268
5717,0.4609801291367009
9102,2.783215650773167
849,1.6119648724316973
12698,0.9292284435901025
5594,4.757522830990333
2162,1.4034903180292624
6093,0.9030668415195564
11389,1.3380122709087106
1417,1.5159656206534158
8768,5.978691971029945
12155,1.9748930140846148
12671,0.5048850259038776
7519,1.739774735607348
12126,4.778600003518844
4329,2.721537629105187
10046,2.0550328556413553
11963,3.6656459248181004
2490,1.353662238469744
13631,1.696751248477675
1503,2.3752223708137414
10827,3.1564541212046167
9633,2.767301976200037
10112,1.640696069691938
10435,3.496488847524961
8301,1.9668692549461049
5627,3.872723068382698
4524,2.4197727912295357
11133,3.9219357895537246
3645,0.9119416981447466
1238,1.3601879495364892
9543,2.7615390769713763
3997,3.2134772537773415
2059,0.5739844750494186
11535,0.19879950612052735
9582,2.3588887075852782
2381,3.0486788282269224
1388,2.3843446454186217
336,3.3808948949100053
8460,2.6848046576738764
1999,1.4920078339731668
6793,4.632060325054226
2795,5.93462713424711
5394,1.9959802492826382
5804,1.4256721401472312
294,3.1791243819027795
4061,4.872947851219463
3236,3.1112063199923
5151,4.925596992051992
394,2.6341821380682084
8106,2.929012481489465
13192,1.1565273920948416
12613,1.6798020396056181
11927,4.0078311699303315
2509,4.202531370349265
1240,0.425406145885814
8526,1.9491725298489813
11221,5.284964419024928
9350,0.7185034262637812
4095,2.6056002873763866
2523,2.924953233276216
5375,4.408490386070827
10407,1.6699252346640032
11444,3.5685183330088237
11751,6.295582386420623
9588,3.8997166042685802
12875,4.328940078499395
7813,1.4788158860168772
6929,1.3339491795784986
4389,1.9346244341135985
2079,3.0048391466835933
13789,3.169434363770969
7212,2.264799105962137
11813,0.8314267032376865
12979,1.2767183689957582
12513,3.7678516931610626
3408,0.5858508449962123
5184,4.208407902969415
509,0.593975665655932
3972,5.5089629514847624
12128,3.6552419682968056
12307,4.767538049950136
6396,0.5102494844085256
13715,2.8222514996411965
9352,2.0117124162821676
9601,1.9346244341135985
1976,3.489886594660879
10684,1.6512047517282702
7633,1.9363377943305973
4586,2.1691888499932013
10134,2.852273533139727
12016,2.827863665649101
4066,2.3637525141545837
3034,0.911004381342378
13130,2.0156330662966355
7996,1.431895183973939
10461,0.5796929802104692
2578,0.48737033170995386
3398,1.7235315281851387
6732,1.9066394916076204
5680,2.3920826990254436
9449,4.320262686226578
12592,2.299191296600466
9295,0.9565167899831382
10693,3.419330597273407
836,1.2388950943359416
1966,3.6521037190862318
4700,0.5962311070787011
1829,0.7982124396928956
12226,2.3211685483716646
2039,3.722989317142662
5133,1.6699252346640032
5746,0.8801752170578229
5830,0.9274307672010175
6721,0.6568224452937423
13598,3.2249776513418644
6750,1.2804009843099728
707,1.574109952576228
8281,6.295582386420623
7744,0.2350444310173587
10110,0.5439899217131411
8102,2.9216766977284716
9031,2.1477735927389867
2744,1.7679575608750502
9694,2.621017423188473
9512,4.975260471768176
10002,0.8874750392150792
589,3.263437477960901
11220,2.6210691566096322
6902,1.4632084266237206
5063,0.2490619231553613
7025,1.0789797760749273
11983,4.165954348310868
2484,4.14931080871036
379,1.1440165405747302
12362,2.7034323456487157
8873,1.1399625316088156
7754,4.857575836129091
3238,2.503549364388167
209,0.6446004864149675
9262,5.34578709469876
2644,4.408490386070827
2053,0.5796929802104692
2717,1.8439597592646744
10137,2.9911280541214973
10528,2.7435269405541667
7173,2.494799518705419
4735,0.3719298159698072
6127,2.8625351848755782
3719,3.0732862416560773
4504,2.614927587746519
1678,1.9783819737472887
3292,2.7278452167530842
8047,4.863381832779272
10390,2.5233280362108106
10538,1.460520213305172
6033,1.755876153587869
6741,2.599546924412117
4011,2.300671456030111
1831,0.8874750392150792
13514,4.4428333691182855
9460,3.5411406897187656
12394,2.7282713436497144
2063,1.4721486565478432
8921,1.3850079124452095
8874,1.591415335414825
10708,2.325429849734903
2477,1.3738003073488572
3606,3.1930713050454407
9305,0.879500169384477
9454,2.527733055365346
9077,0.6121929861573716
6584,2.3061909990432095
11446,1.6818244894313439
1882,1.677570759981274
3274,2.919187713974827
11731,3.5981608951000683
183,0.7073501076839604
62,3.4638183791474626
12599,4.764060327627249
13702,1.5723018976509067
11453,3.649541416886016
5977,3.0528646781645654
13177,1.7661841915192016
9324,2.8482998144218024
2483,1.5982679951084588
13800,3.280260145505837
8309,0.9280237285388351
3530,4.106144273439935
3908,4.1189085928892855
6762,2.706002804952293
4734,4.208407902969415
8423,2.2167774323453573
8909,1.2841830417809177
702,1.4711052263704918
2554,3.5121519446272877
7617,2.9395685344710194
2433,3.526371106905639
2005,0.879500169384477
7427,0.521266937257028
4282,2.5866315854419097
7569,5.825824003415702
13643,1.3069132264069616
9136,1.6592814921906855
7559,1.6069094556790506
3361,0.5796929802104692
3013,0.8112678055696524
11695,2.704631043551439
11328,3.3019280937643316
2985,3.0071136453193423
9468,0.8718747259383531
7892,2.248844946577547
3544,2.0780096087422617
1244,1.0487726904492285
8514,3.4261223732287327
6062,2.672703786565197
11385,0.23902386393030392
1193,1.1176220625053428
8186,0.949733719035252
747,2.547293380610325
2751,1.4108192327236506
4940,1.919355986855105
5491,2.1702833624041187
12384,0.7875614095041332
1080,2.1674376265556483
5302,2.117966882275054
10589,2.44901636305039
11543,1.4736414708614312
5094,3.1714146393819442
7632,2.9386429926967246
9166,2.7158430774296454
793,3.3591211086911175
8264,0.8982237228700929
13838,2.444147169708986
8713,2.727643985755926
3178,3.3828449001425507
11137,5.058211007864767
13281,2.8031722288871688
4769,0.341080321715301
160,1.5379797988917023
467,3.089409284299307
5027,1.6980967538968843
5343,1.9770371512831686
3239,2.461713228030695
8421,4.693960998462073
3441,2.180106757633876
834,3.1471102313808546
12409,1.4505720411393788
224,1.2563822033194267
6334,1.6416166275341495
5955,1.2811889536666081
11886,1.0152759436528525
9849,2.924185453178792
8185,0.5796929802104692
9745,3.582362540672942
1826,1.4413575883786978
13310,1.9788480768218641
7887,1.7512975876962482
10294,4.637665593361247
9655,0.4018198540727807
5796,3.3676514601310705
12350,0.8059981421959875
1510,1.370065925858977
1457,1.5324189740157925
7722,4.193224030667846
9938,2.590181138874017
9629,4.355698147321181
8164,0.547340297254883
12173,1.7948880082678165
657,2.273958818639747
13679,2.4504456571908677
8061,1.4988080209255776
4550,1.0378542210357478
7967,1.9460396618133882
11529,1.7465253883774643
8322,0.5796929802104692
11659,1.7432563534457577
7585,2.7384947305555367
4762,2.7164792741174844
13464,2.7615390769713763
3348,2.8761067455568354
1707,1.9543111126275379
1898,2.2369957235258093
4916,3.3808948949100053
12243,2.779417440624177
10563,0.9740448507947032
9267,4.44518809975208
4274,1.6828856367526612
541,2.2248084289517505
3887,1.640593116950174
12258,1.3876819797798936
9156,3.6734835302429083
7157,1.7608508997280878
4962,3.3667767086194336
5445,1.200277674592595
11690,1.7380394230654086
1041,1.0711155172272429
4710,1.6348928887225067
3259,0.4916499138555811
920,2.1694381582385236
13102,1.9845096408414102
3132,1.919355986855105
70,1.2982847793252184
7419,0.6037544122757111
3992,0.7989965830927582
9127,2.6958566501820234
12549,3.312774943884189
3978,2.9375175594196796
11761,0.8874750392150792
11101,1.5348260856110172
10321,1.5969040871931321
13571,0.5777408914318741
9734,5.660375223268609
6934,3.503492926745344
2840,2.338863173384232
1785,1.0693339162009576
11934,2.980959813946715
13126,1.5487268158935152
2766,2.927811127463941
7333,0.879500169384477
7071,3.928314938426427
13780,3.005047407307862
7950,3.5939213887211214
285,2.5872635547321545
3291,1.9085249178152537
8076,2.2516873059716676
11924,1.0347665071380188
11582,1.6769068543026489
7801,2.2726921522738093
11285,2.2707628532322954
6478,4.130783644675189
12510,3.475145544142851
10592,4.829422833006048
10831,1.0548203868259431
7614,5.236766184231887
11482,1.6598282314976904
9947,3.9464565891624095
9632,1.2180527676222566
13799,3.074954221693495
7149,1.4538245745235079
1838,1.3632959204033097
13483,0.9247058641037276
13673,2.9011533223201287
13803,3.2377883278414585
422,2.3704833723990517
7726,5.759106549417387
3427,4.527758465874357
9622,3.738135171180663
156,1.591010009460872
5715,1.9776470088734852
7415,3.051587822820449
1537,1.8385398005427778
10934,0.6015844600975049
6760,2.8518338213334795
4477,1.808622492904831
6208,2.5233280362108106
11443,1.106724845696565
2292,3.331649572689113
9004,0.8662379170656651
7350,1.8287112056484067
5632,2.436339172748333
9191,0.8413876045784558
7656,0.5598574075284698
1686,3.6642012394797105
4547,1.2408233654030338
9462,2.7829667148189277
13208,5.38611961569188
7137,0.9574844372876596
11904,3.647962691029039
4880,4.229602995014944
2636,3.5477050833691357
9316,1.817896809448679
2775,0.8875957658666707
9522,3.012893320126032
10851,2.954586003173515
1581,1.43216193682179
1764,1.363465967927607
1106,2.325967595730837
2656,5.451856948748611
6874,2.4387406242012553
8364,1.4416686117965996
1108,2.0189516694361584
5777,2.131846789872584
11959,1.508465983327454
4877,0.4440148268644078
7046,4.1103164480522905
8135,0.47186769201077855
7819,1.226018600741276
10124,1.6347953982303933
894,1.899867350009821
612,2.8634003617862054
8563,2.8228245983234315
6597,4.108925501458033
9836,1.6699252346640032
11907,1.6740780817150982
5125,3.5201236133781055
889,1.3264104778057728
9821,3.2309998858240587
9179,2.2505216647515343
4077,1.204801590510196
7820,2.355243437004136
11824,2.474495033653578
7854,2.6336192531623213
2105,1.7646107239388453
8284,1.9251665162778406
2166,4.3449197782065445
8046,4.007286140212225
12990,1.6238273624627655
13394,0.29674543399091957
13658,2.109013979732395
2398,0.730863607550748
9704,1.0152759436528525
13186,3.3993233101609883
10468,1.344033637543676
1134,2.6105279617311146
2481,1.9082061607431369
13793,0.5916398428229163
8153,3.205424879701472
9794,1.919355986855105
8174,1.0090548693127437
10251,3.154703963895324
3197,1.6770985713552082
12249,1.1307929740288527
8067,2.96791628672805
4057,0.5107310352099115
13308,1.2348487765019176
2450,1.2102123031360872
3312,0.34244001477436237
1962,1.2302075396917587
10985,4.216032540566593
5193,2.7009888329334344
7069,3.8594075024841055
13330,3.9708851204831954
6386,2.1856715807183913
6956,1.929647386518517
4858,2.4087257790901013
13463,1.4635176059049755
11694,0.5889506258362832
3201,5.042997414580733
3027,1.898061095420718
12410,2.5559823837756497
13183,3.286564603204469
92,3.227823700688496
12712,3.273946669687602
7285,2.7282713436497144
5810,4.392246941264721
3864,1.570384213797793
4665,3.652737676551907
1005,3.8822580195071046
2982,0.6015844600975049
12423,2.5378787540502494
1595,4.908061339025679
12890,5.766843275012598
9784,1.577775879022762
5770,1.094435005211976
5928,0.7013435001928187
11831,1.7515819420835108
9274,2.751443714876906
8984,2.173645804875681
1793,2.597670564087141
3714,1.7785779950416287
11957,1.378098649592564
1420,3.206608170363048
12118,0.5785036598843712
11149,1.5898214175649452
6406,1.9633147892482232
10738,1.2948307877334975
10128,0.6037544122757111
268,2.8645604776415516
1058,0.7989965830927582
3031,3.4285371648062197
3248,4.0198820755903295
12325,0.8089916648018008
8219,1.5585643519860108
8945,0.6489858588071837
9895,3.5063967436284393
5489,1.5908000261170618
13674,3.388027766274097
11033,1.4013976268267436
136,3.7104244141894775
13561,3.331649572689113
7839,0.5166034098853678
3057,1.2811889536666081
2085,4.800665707594662
1219,1.356658386917706
5143,1.570384213797793
9196,2.608240274929619
7268,0.9788042780119849
10658,3.324236550465708
10243,1.911044741133108
4006,0.9603632094234905
2082,1.698321492975071
13170,1.8533444676536384
11305,2.7811895506162383
2855,4.408490386070827
10577,2.2069003903106115
12791,2.929012481489465
2915,4.799805725917204
9611,3.7857766120656433
5507,4.960289628774849
10571,2.245951717779291
12877,3.7626014093611175
9922,1.3078601260876639
2694,3.2791265914736742
12178,2.2403914360432293
10478,2.240425184271239
11249,0.8714602164257068
12109,4.880652256210277
13352,2.4562015575761915
1506,0.5351254467583112
13667,0.5945726739184353
3809,0.8450840177293817
4161,3.086172717391954
561,0.8977519860466644
99,3.544911238698572
8744,0.9556591352967813
5814,2.466574170902794
13551,2.346601357961072
13810,1.8100757643090335
6594,4.135437070724166
2640,0.7419692135249373
10312,4.224446157037268
2807,3.5228079568208224
6889,3.3219170212702736
11049,2.4471832650373324
6109,3.0078505390090844
10500,2.7848015142533717
106,5.3330068996797495
7598,3.296438531448236
968,2.299191296600466
4079,1.1440165405747302
6794,1.825767224768866
5085,0.528948417332949
13833,2.586674272369817
2869,4.408490386070827
9049,1.7646107239388453
2713,2.5387873179853355
11805,2.101896373567158
9647,0.5945726739184353
3416,1.8697467073027276
9524,2.632763317408597
3516,1.1852672411391634
4773,5.727961885954831
5459,1.8186643502092001
5934,1.4103607017276683
3756,2.5612426867569313
12882,1.6818244894313439
11432,2.483275486542517
12946,4.408490386070827
642,0.7793679154933155
12081,3.273259444784484
5446,0.7492007363895682
1249,2.5659385568993156
10860,2.155013043962691
10828,1.385687022181732
9891,3.0135660648333755
11278,2.447131157963014
1294,5.80237011277017
6795,3.310294443360831
6752,0.547340297254883
10048,1.7645132325572406
6422,2.2163844119445617
3716,3.7725309929188855
1572,1.4717649338258887
7358,2.5625905746241
5449,3.207372722197851
5630,2.556865820386763
7560,2.974964531700608
13503,2.370636112094884
8332,2.2170586623253636
1013,4.348491382734966
8527,1.44979640858117
1423,4.440297001784216
10154,2.515732563308736
2806,4.3900624823424605
5335,1.4544267156640402
3356,2.0258657832545266
9801,3.357678803733009
12967,4.74134782190723
7713,2.619138337879472
13538,0.9117833684944928
10214,0.6152924200294309
2688,0.8725274106773449
168,1.582350418305638
6914,3.2807843747190897
9659,2.0377886024349503
8759,2.619103469013896
11337,1.4632084266237206
1834,2.2055763520758083
2003,3.1321110083122248
768,5.014032464151764
3017,4.431391956771126
1288,2.3301303876111543
3391,1.257826025958998
11607,3.154703963895324
287,1.7661906525560707
12407,1.4003890519745956
12471,0.9194797751670988
3060,1.396554400041326
194,2.4532657781922995
3762,1.364755761502807
6004,2.931836129790766
9078,2.6945732096264203
4601,0.9491537542795101
5312,3.4560612808134428
345,4.134563884723735
9993,2.7774992964897494
9870,3.5228079568208224
7460,1.185161061539126
59,1.0649797529946967
5388,2.7576620670408922
9725,3.2355746193257775
9608,0.9565167899831382
6220,2.7155784951857833
7523,1.5376062241194257
401,2.6105279617311146
2167,2.8719670019061825
6507,3.667368241059737
3111,2.8786652192450988
11537,1.462982609899467
7260,1.1858984676590318
8474,1.246935112942944
2518,3.1296624566736844
6807,2.3704833723990517
10100,4.430256193238402
8360,3.6450152430084706
797,2.1684229089241787
5313,0.4906219921905836
1690,3.6307821105922025
4914,1.1370759415558096
7543,0.7473724906743148
3560,2.504716167596733
5838,2.2274174499166652
1543,2.748441896410583
9388,2.748235835940996
4251,1.0823006132442663
8875,1.0125638468313216
458,1.8156485427330482
1489,1.8305540795287008
7170,1.5773646143354823
5268,3.663404600169497
9581,1.8287112056484067
13375,4.792678936586758
4159,2.4112535629807135
1800,1.7431226442380083
4276,5.619682859589983
10227,1.7834896861142278
9669,1.7646107239388453
10918,1.6035023006695523
4429,2.400797474903585
8904,3.391156942872732
8010,3.397630157323224
10247,3.433926102050686
7120,6.696565534538853
12443,2.1191349309777148
3583,4.293824645710621
11061,2.420787483688508
11855,1.0505233733349848
1844,3.9148539512292913
1624,4.92003265658148
1216,1.521312145373504
1256,0.7436482810061141
10825,2.664865465179407
11811,2.5057115445350484
7956,2.2979866741208994
12527,0.28445907637488027
6116,3.4089363600945517
11946,4.559831830918902
806,3.2184598050464994
10595,2.1251011267073707
11071,1.659313725466643
10951,1.7431226442380083
3545,0.5881296962288526
8731,3.177411453368285
12650,3.9169705305996385
4019,1.4915483190027992
13706,3.561421349007307
11217,2.5773823985160766
12267,0.6031042418337825
4016,5.217725342253709
13560,1.4059323982677563
11242,0.8687630141212683
6068,3.008688370063813
7079,1.0557922694537722
10711,4.78203101672975
2061,2.812508317124162
12055,1.8389000100633432
2397,0.5396074297792454
3553,0.8734801637768715
4797,3.9245957082652394
11595,5.027063352210229
7595,1.7698483060431125
9876,2.3557445719307264
6568,1.1385775847084136
7795,4.160824114989557
3555,0.6547773322650391
12075,3.057239876197255
10056,2.6848046576738764
9358,2.920397073333742
13256,0.9966272215348918
8578,1.2392826588017045
5869,1.4723308910949806
6139,3.3562523617411966
12296,2.124814919865444
10891,3.011417684795445
10753,1.122217748494619
4203,3.2154192987534667
8882,4.401063628784914
7975,1.9982300205804133
3195,3.3727772994527485
11478,2.6540903324412306
8019,2.527985289112986
3297,2.6182969104803386
2670,2.824208072552266
175,3.6642012394797105
3584,0.6413558991695792
5363,3.388932573677691
2321,2.001256481188711
8190,2.9082169541226794
10091,2.279910281297876
1422,3.7925576108311168
7815,1.9539174607888008
396,2.896314389883884
11127,0.6744519669776121
13812,1.5894060991244656
4957,2.669952067613713
8995,2.2620769316350904
5455,2.6327801047493646
11650,3.764166914883018
6125,0.9494284400147689
1031,4.386621779051898
13044,2.416686972966214
3082,1.0135502696542193
507,2.590181138874017
7490,1.6347953982303933
13109,2.082288856610913
11295,0.26361601238567123
8453,3.006563928007119
1349,2.847239224553691
9643,0.9814924731096817
11782,0.5881296962288526
2699,1.9141174787362223
2992,2.128134217511311
6709,0.7806124263437277
9778,3.4649521721070227
4868,2.145636003418218
459,0.8875221246448776
11565,2.5068055890322127
4235,3.1466492447503116
1591,4.5220199176981035
8086,1.805555029645728
1993,3.2364371061153068
2133,2.355600863224543
9719,2.994942046326884
13771,1.2807511202642876
7918,2.2039280317217993
4022,1.3965418583597307
897,2.164843108981168
1617,2.7622944278318102
1935,1.2302075396917587
1020,4.832558653969975
8163,4.388179592593176
12285,0.9078794078425501
12401,1.9082061607431369
1341,1.5283786750228205
13519,0.58359196564714
1846,2.9133015094373
13768,1.2628834989794417
5743,2.2692247087155923
3604,3.8447901760080345
7666,0.9121097645119822
6558,2.8130643610002113
13512,1.4601026264390553
10369,2.8497654121587477
11042,3.4636552814775423
7837,2.7229642100596374
8130,2.292559390887767
6924,0.8561195889430122
3941,2.519829815604885
8994,3.087493964792178
3380,2.0147240165135325
4654,3.8140951525671523
2210,2.3000072846934105
13064,1.580452974382825
11335,3.329484518263827
9397,0.6300624678141239
13831,0.6015844600975049
4859,4.147930479469542
3314,2.068917436572092
6167,1.652002462645513
909,4.911423565089155
2012,1.4632084266237206
9656,5.543818091893119
11121,2.1684229089241787
6248,2.023904112286346
8099,0.5510953252448061
2817,3.460466188269992
3682,0.8637944655424555
4418,0.3220179655007074
8816,1.088844121614619
4319,3.4352684021871336
12469,1.7644795342635125
1237,1.0180950448160835
3761,0.8059981421959875
13644,1.2434679973425347
950,1.5982679951084588
1084,4.115172553220187
6012,4.884382391935392
10309,3.6876508549023073
11346,0.9280122291712066
2339,2.1753634166855575
8694,0.9744618625759455
211,4.408490386070827
722,1.9018940111208449
10301,4.024283234591033
416,3.1285789515069444
8656,5.090746026405109
4178,1.7646107239388453
7552,2.558267853705607
189,0.7702450108725784
12943,5.504886904992601
4045,1.6699252346640032
7095,4.911423565089155
6789,2.1026264564722106
8098,3.586407481458585
6777,1.378098649592564
9509,2.6498683140761403
12479,0.9335619519750329
676,4.004364261465667
9322,1.2660676777648814
206,6.178667474153704
3630,1.8623783718113722
8024,0.529488738001353
4767,3.210756307523881
202,3.5184051473505455
717,3.1564541212046167
7311,2.966018740280536
792,3.163904325827761
3334,1.9415230580911451
4813,3.5633437480114507
9714,0.7394214032361222
3598,2.812385711406387
3434,1.8654696152405212
5775,0.9857559153542476
11184,0.258227873393079
11785,2.8666769937122707
9362,3.619954721634159
2299,1.8134597791003544
12913,1.284594810450025
6756,2.810807344378881
3774,4.135437070724166
10341,0.9718990779941983
4963,0.6988681827317469
3826,2.187629433072623
12160,3.197808310555152
3093,2.3857114990700783
9957,1.0154882752682552
9287,1.646799449642356
13302,2.1618823284182276
8242,1.1176220625053428
9686,0.7202881689399426
8740,2.047104741331407
11812,1.4619809800524024
4636,3.107881191857412
10554,1.7432563534457577
9100,2.521655313827977
9620,2.0605710842238936
11553,4.676879362406149
1716,0.8592645728390647
7177,3.5143926438514366
1872,2.286870817854049
7399,1.591010009460872
3018,3.9926871561052883
9503,0.5610115019739461
240,0.9587929307509897
12460,4.8866308649378185
698,3.375734811363631
13777,3.004421147299399
440,2.819871719936345
6722,0.6717003615388375
5591,2.265196280971144
9574,0.6313451710476357
8669,1.6790724822359522
4792,1.4788321867549954
2492,3.7456600492863985
7420,5.036750711643738
2028,2.59684138521814
8758,0.2272006757984447
11219,4.448706897257476
1205,0.8782373039733458
12421,3.334943328659776
7664,0.9078794078425501
1416,2.562494826806497
884,4.214415898715751
11769,4.47731108443767
12140,1.0887530057705632
1419,3.3932101732946047
12240,3.4174982951515944
10883,1.8182713608883145
7127,4.465718242675821
11696,0.5457070734263938
10258,2.5066674217607843
4009,0.7394214032361222
3943,0.9203578810380363
12545,3.2792019041707765
10125,3.3727772994527485
1916,0.8830071009511561
1203,1.4217161616560325
9904,1.2693824180538593
5698,2.3960903926416286
3653,1.1589548063012334
5957,0.7394214032361222
5912,2.3034925718273556
6886,2.8564632721107652
4631,0.39133899427681873
3819,4.9674602496235165
8892,4.6829930638338935
7712,1.387781125364085
970,0.5777498811173943
4327,3.6910258662335913
10129,1.284594810450025
10068,0.6800704772633976
4866,1.897234345925004
11379,3.9792053444784847
1227,0.8112678055696524
11178,2.1684229089241787
786,2.521157390870795
4670,2.9225419501182035
8889,0.879500169384477
3990,0.8291275004578503
10969,3.137839755081681
3251,2.8576948255188954
854,4.598481051306055
10608,2.5293629057488807
5658,2.5337258734167545
5954,0.36151321083853966
13221,0.972185721808094
2209,2.9501279402155727
7474,1.8547760057452245
883,2.224252038172952
1251,3.520171777487599
6254,1.7037108788206046
10358,2.6612764811086755
10535,1.5218926436733007
5417,1.6452250553989611
13037,3.5685183330088237
350,1.2348487765019176
11283,3.121853069603666
9886,1.8651681997569456
9160,3.0064053039467704
5987,4.188911230730949
12146,2.2501412554374576
2814,3.333672644581745
5562,1.4632084266237206
5969,0.4539903454056977
1156,0.9653811177417766
12862,5.06680474381289
3571,2.7536867552818083
7235,2.216347217709979
7655,5.766843275012598
4000,2.244395248656186
11415,1.6122707264337817
10767,1.0198862672965194
8786,2.6848046576738764
8722,2.634869097225699
12834,0.9018628705837829
11002,2.1344052229506665
9556,1.117380484678055
12092,1.5120895272896984
10880,2.6867757931090672
8408,0.9494284400147689
5215,2.285870047312859
3025,3.5306563436990253
7954,2.6327801047493646
13393,0.6313451710476357
9845,2.6327801047493646
10824,2.5510019713059346
7441,3.3478383818179855
12072,2.974964531700608
9024,1.5982679951084588
13318,0.9556591352967813
10822,1.5151704278903992
9373,4.076151039704904
6349,3.3772763085989275
1307,0.4254297422668098
5322,1.4451606651224356
3911,1.157376165706424
1384,1.5035879519392457
936,2.2264467918403246
37,2.830985770692453
603,2.656813027816786
5331,1.8877491602852372
1616,3.1894426724576346
13395,1.7059262602247423
3435,0.8615407136069162
4584,1.3819002866433179
7112,1.4567305572528122
3533,3.29904023116713
9341,2.7905715465709635
3526,4.176135265239734
5688,4.408490386070827
11492,0.9653811177417766
4935,4.7736736568696685
11532,1.3699176393454346
245,2.6064837070870306
10223,0.7602350561543464
6489,1.124257364355066
10288,1.2601778788539655
4492,1.906320883838646
8523,3.445648319441308
6174,4.0660568972535724
6448,1.317014971819839
1549,2.7165171280892624
7659,2.8397591391326453
6817,2.627231120104494
11105,2.6327801047493646
9425,1.041046297435678
10580,3.310879328936199
6271,4.693960998462073
7270,1.3370115449652054
13070,2.1166618191826445
2189,3.34346581905242
7346,5.019283802971106
2355,0.9111199234341207
5112,2.0319956846726206
12746,0.8112678055696524
10562,2.0780096087422617
12758,1.8623411059283415
10326,2.693612783684239
13237,2.104236299661043
8989,2.3152444963755436
11538,1.0680392916959776
10359,0.9622944371465044
12429,2.369062433660933
13246,1.8358937060927385
12144,4.402335026012221
4117,1.419813728736202
5156,1.9546949427553795
8349,3.385095566962943
284,3.40344175151584
6134,4.694520744030033
11140,2.5101098986127943
11288,2.560213503787012
10582,2.7636733155789655
6434,4.8970174574895005
7673,1.384550812161604
4354,1.6122707264337817
2805,0.6880521247043268
8287,2.4918077513564274
78,1.591010009460872
1453,3.3359109769115616
3337,6.295582386420623
5123,2.217967562665085
4040,2.3241642538501943
11736,4.757522830990333
1870,4.1196648662972715
12778,1.648409467691154
7771,3.562738884776413
1267,0.879500169384477
12756,2.083719173658824
4047,0.5586795784811444
2871,2.1452322677006777
10842,5.11994651486031
10665,1.4068120014619228
3455,1.8719181841878978
13417,2.816246163602812
2455,3.3122422179465016
12205,1.8461920386584778
3020,2.0174188115680707
5444,1.5226071969096069
11007,2.416686972966214
1155,1.4555465108712826
8170,3.210756307523881
10297,2.7859380271005896
4583,2.837568310656043
4378,1.4775830149259002
7802,2.354955497750811
7698,2.3301303876111543
2761,3.018393906934626
13075,1.884764517913948
12988,2.8786652192450988
4024,3.6521358607489334
5004,2.915021454305241
10955,1.9600981196095073
433,0.9418544539989236
972,1.8825684969504382
4398,2.929012481489465
9489,1.7512975876962482
6039,2.5398692255538355
3362,2.2338726372318694
212,1.6699252346640032
382,2.3089384604164347
5582,2.216499603274505
9063,3.3993233101609883
10229,1.8671991838483917
13818,1.686195050837802
6632,1.617094217422624
11066,2.774671839716345
6898,5.1887000176302465
12445,2.9674837758405634
763,2.598637721441729
10272,0.7818124247218197
8169,1.78377634517772
1024,3.1415048411841577
10084,1.3639187601843459
6292,1.8719181841878978
5870,2.789550372711608
6527,3.9139089668680724
3192,5.976750523602968
8440,2.772468528333513
11667,0.5662845727113581
11536,1.702152473960805
7944,4.1503230966735325
5551,1.8191115214650224
4189,1.7515819420835108
933,0.5422575683484884
6351,3.297901962585529
2155,2.0240522052844785
7906,4.392068831449917
3209,2.748235835940996
4523,2.8229095703636244
4894,2.0823561706773144
7484,2.0455480319252968
263,2.3015243311978573
3397,2.6122623751802587
4640,0.5096018489580073
10760,4.868058473636307
3325,4.408490386070827
1788,3.8344123984956333
9088,1.2907942757215087
13191,4.787417386334018
3069,0.9491537542795101
4326,1.9369609565168804
3454,1.2129950007378896
7965,6.252872772744821
6769,1.864380653873611
10655,1.872366042538281
9662,0.32120983874550946
6343,0.9556591352967813
9769,1.7114530866818312
6007,3.9051457471861286
3330,2.2292332405277624
997,2.723768679297341
13021,2.6368421688934793
5060,3.1483531353970484
7292,2.2039280317217993
12050,2.6038080044295193
1618,1.681380557341249
13297,2.6615830250855264
11512,0.4965596429319677
6181,3.489389888958856
4681,5.164088101334497
1841,1.3041380264829232
844,1.6174796727189726
193,1.646799449642356
1486,0.521266937257028
11734,1.4788158860168772
12317,3.839752634439595
9529,2.3541406218665752
6450,1.4042672040865365
2491,3.5575851716662164
966,2.8464502293110536
2424,0.6019737821574741
6228,0.17673678631991596
9958,1.2947810296342401
11521,3.1583559611089536
6186,4.115922777362825
13439,1.5439242285190857
8828,3.9152991931528445
9412,2.105637880120941
10643,1.9123697365963908
4482,3.828686138581026
11211,2.5562359067676064
11291,1.462982609899467
11466,2.8926246459459164
11520,1.7512975876962482
1188,1.1204003016372202
7555,1.6491896606863263
3329,1.9797381085214647
2949,3.181849148294268
6629,3.5648199610221614
2786,0.5881296962288526
9760,1.961279179826921
11678,2.9320603743654132
10544,3.265087728844988
3701,2.2505216647515343
1363,1.6960984951431342
11758,2.567507742476222
8504,4.0438164786340565
1783,3.6656459248181004
2881,5.773973252071278
4927,0.8413876045784558
1315,2.6210691566096322
9685,1.9460451491595487
5824,3.4549531869976193
7706,2.6618560208785147
1008,3.3808948949100053
10668,0.6028147731428387
5109,2.8687903158632038
696,2.0206976351239496
306,0.790936726216513
12707,3.722989317142662
13440,5.749606789059732
2836,1.4674586854258245
5766,4.408490386070827
13179,1.86079228743342
11574,0.9101555486104016
8178,1.2110134778154098
9791,0.5521878698309131
2469,0.5126737330991744
3740,2.5773823985160766
8599,2.6449538561042227
13020,0.9279718362698259
6282,3.9185183202318092
6977,1.9018940111208449
11426,3.473726390905329
13386,0.910843066570715
1610,3.3553052868040174
13499,1.78377634517772
6370,2.1914292683188457
12820,1.818564233752967
373,1.599630426133878
1045,0.9778691443655065
6625,2.3411898433344507
1919,3.138099602325239
9235,2.519829815604885
1090,3.6952725564026143
11153,3.5991929936574536
6044,0.4965596429319677
13416,2.8586393872069533
11584,2.1684229089241787
11186,2.927811127463941
10806,1.9128995482167306
7995,1.1312290362073023
1865,1.626353596348349
2738,1.1584614213259599
4680,0.9836334547976479
4998,6.1186436271913704
1897,2.6122623751802587
5573,1.2693824180538593
1302,1.877106763119774
12329,0.9456570588696567
4015,2.4677285906028685
5763,1.7661841915192016
4811,2.96791628672805
8009,1.4821670620046836
2011,0.7027273214394667
7693,3.1774003689894883
12505,2.5950890338285935
9396,4.838994037329398
9086,2.4896267390771625
8050,0.8462005685420759
6502,0.4913111480434064
10769,1.7478365884008573
3508,3.1879540773917836
1496,2.4110341297906945
9452,1.1068970612513345
2092,4.188911230730949
3166,3.3952822246323042
4683,2.3347352705644897
7110,1.5898214175649452
10488,2.8018105933156825
8028,4.112468066034351
5235,1.5547930651179838
4427,2.920397073333742
9186,1.270328157742798
4999,4.2549582483917785
1081,1.620656567127105
13665,2.673152456221634
10705,1.5755245558473112
9369,1.585606124062609
2788,1.6592569493606724
2659,1.4850098742554299
6265,0.9203578810380363
13808,1.3530557639269478
4635,1.4103607017276683
11730,2.558171906670176
1956,4.374609398616053
513,2.3425362252072888
2923,2.87923337058362
9726,4.6276555933789005
2399,2.17650887060351
2139,1.7273390399172552
8562,0.7073501076839604
13396,3.595408417953608
11593,1.3768542071730605
3510,0.4979466789823815
13081,1.1440165405747302
12414,1.4701542002200882
5596,4.0660568972535724
12790,1.6927443436319898
13199,5.766843275012598
1493,1.1820271563978475
9075,1.3357614317803113
2269,2.830476943351417
6053,3.0818567419884126
3960,2.905741835640641
139,3.2298424801239745
6135,0.9580452941443195
11732,2.336502450754851
13569,1.051274661861967
5806,1.6045536503834839
9592,2.196832364820051
4730,4.202612746321162
6974,0.19879950612052735
10641,3.9042491958479864
13390,4.616452503809673
3539,3.823859524890215
10611,3.31778248857014
12964,0.5777498811173943
7239,2.8786652192450988
4864,1.967135880173537
2546,2.2782106891181915
3320,0.529488738001353
11253,3.419330597273407
9329,0.5576569280908937
10929,3.0031675993022913
2918,2.9785338938033794
11670,6.075412134665822
10728,0.7818124247218197
2165,1.810218893906671
4225,3.6952725564026143
1069,2.9505973257294085
12313,2.091740744323832
11327,3.3501728591092323
10732,5.446248908006077
10183,0.7177507538193839
2380,0.971457590744116
3213,0.30078662333340517
9446,0.9653811177417766
10021,1.384550812161604
13453,1.9361702568850228
1579,1.2559795227390789
9677,2.2620769316350904
9167,2.6856412782519703
8886,4.339291086901034
8082,1.8303325364649565
8426,5.095029233570812
9200,2.879098365929023
5199,0.898932226042879
4848,1.1032518775014903
9208,2.168867581038702
12770,0.8450840177293817
6927,3.5411893838030446
1306,2.7164182880398853
11990,1.1932706381046199
11204,2.3472791125826964
12986,0.39370447897529576
13406,1.336736062415313
7306,1.353662238469744
13651,1.118272486704055
12400,3.8971600470859973
9739,3.6256869352655157
3016,2.7142254082989314
7652,0.7818124247218197
2710,1.05609669236223
12418,3.341808313175118
13319,3.333642571632796
11571,2.0202093456769146
13814,3.0029812763502055
4089,2.586674272369817
4937,1.7470947749602663
519,5.5002932284679895
2990,2.2965669478430355
10804,1.460520213305172
9205,0.7782198807031806
2987,0.9574844372876596
4602,2.9780279757229717
7312,2.224252038172952
864,2.6098791837663615
7153,0.9436711272453597
4014,1.2609237337956163
6869,4.348491382734966
289,2.714270073102159
10749,3.6975800916044186
1713,3.664246452719304
2276,1.3153079289878549
10768,1.807106175883386
9194,3.3155230872105195
5888,1.0994305240875355
2307,0.4888242773052792
12383,2.2470556867798996
6918,2.0502682316641105
1580,4.408490386070827
4541,2.045686637126601
12104,0.96893620748716
3958,2.832639914248339
560,2.325967595730837
6511,1.4348989382917625
13411,2.191898353290002
2236,2.1251902667979197
6267,1.6699252346640032
355,2.552891127636402
9441,4.408490386070827
13313,3.388322007310254
1509,3.351352343133146
2118,2.525269194044212
5829,0.27273382695928255
12723,1.8036988916431826
9612,2.778028563832626
4480,2.788207517811868
5383,1.839439426706426
4857,2.982161645292306
10920,1.4103607017276683
780,1.355535278384528
9162,1.2348487765019176
5858,2.1610191638472243
13346,0.9503203448333752
13008,1.3965418583597307
10352,1.9797381085214647
12895,2.1709573639315725
1036,1.839952947093223
13239,3.160979505025138
2312,2.738286295768228
3058,0.7405379540488164
2617,1.1981122292233002
1784,1.9176979797909375
8347,1.1176220625053428
6257,3.761959043748438
5879,1.6301996342472032
3780,1.337731278502565
13149,0.6015844600975049
3497,1.9891832886339609
12812,3.4175548900105728
8432,1.862043635838624
9548,4.65487204912583
8916,3.4524111973798988
2098,3.2630311726249044
5668,1.3639187601843459
9155,5.459648856131765
110,2.085339348338146
1949,1.6347953982303933
4663,1.246935112942944
13579,3.2339077903523474
8900,1.186529519728334
7462,0.7199799803631528
3509,1.2841830417809177
9145,5.3330068996797495
689,2.5358179245712886
9105,2.5030621056701077
7862,2.377571397255081
7572,0.5945726739184353
4349,2.9206094448096342
7494,2.3837639067702496
1704,5.459648856131765
10209,2.5444292414180234
9596,2.258910553810479
13640,1.4740584825521121
2830,3.5607124059853708
9559,1.6122707264337817
5902,1.1939401961373912
1851,3.3530429336603724
5631,1.7922152269045284
8224,2.153215333887037
11788,3.009666174994267
12380,4.66881000911219
4671,1.2774970202450167
11477,1.4555465108712826
12813,0.5647763714567414
12105,2.3039652872335465
3173,4.984782780343093
7853,2.7888071008128743
5384,1.641079465090983
2231,1.2701366380977661
2106,1.1078990075721362
8422,1.3500548256528517
5757,5.024886617285449
10621,1.8577005443857861
7971,2.2458808343644523
12997,0.5863005922147632
3720,5.3330068996797495
11828,1.7944851574165617
8451,2.8784494706722206
7231,0.5247817905082126
11984,6.0444733195086435
8568,2.1691888499932013
2194,2.3343466625960434
5031,1.1852672411391634
3727,2.377571397255081
13785,2.773437430509399
11010,0.9129302476585249
3487,2.1684238291291336
6829,2.416686972966214
8859,3.372614885369906
6255,0.8874750392150792
8570,2.164001403977283
5751,2.9944597031408624
6029,0.3690684483065191
354,3.596824740324132
1978,3.087156600799125
13462,3.009666174994267
601,4.985014691910115
11874,0.4171901376684449
5971,0.9030668415195564
13401,0.7989965830927582
2454,4.911423565089155
3746,3.368101220645923
5262,1.1536855886622401
4976,3.1345283306141045
547,2.3485651628470854
3525,0.9949221529135813
11814,1.2572088479953556
11721,3.3808948949100053
9291,0.25754501536451363
7047,1.6608407399784355
3437,3.978938667362756
5737,2.667471870634424
10149,3.3309315136374242
2953,3.9015928089468845
6813,1.1024916990618026
10800,0.9147614762200232
9413,2.4487638531388214
13779,1.2512629131031237
11313,3.004421147299399
11718,0.5881296962288526
632,3.6019101105278586
91,0.5514232511374367
249,4.926016693670029
11796,2.5214678668244104
308,1.9128995482167306
11628,0.8801752170578229
9286,2.4668558719845595
3986,4.0562887015077385
1547,1.7809752322415442
8655,2.516471934585609
10086,3.8896175214696003
538,1.6095842453748594
12499,3.9104586430418062
9071,0.40351273143311056
3122,4.0260817637269035
6314,3.704885757116456
2496,1.9344622485610277
6608,0.8441392747638529
8218,2.515433713794515
8721,4.752506078039953
9340,3.619999689213626
7751,0.8413876045784558
12759,1.4940866086087403
2212,2.0171173004211607
1599,0.9653811177417766
11817,2.265742651502203
13566,4.78203101672975
11965,2.9136200613535173
397,2.8730958680796537
2207,2.8866424354956273
599,1.5903983716646175
13764,1.5589689977560717
2553,0.5514636275536312
8948,1.0154882752682552
8991,2.6416293674151987
11631,4.815557413397948
8785,2.608240274929619
11966,2.5234048249957426
8051,3.4324256919990233
8351,1.4538245745235079
4565,1.0330558432061236
8961,1.450310049681737
2386,5.469426232620869
10879,0.8450840177293817
5386,2.1342750213733828
12985,0.4447147320082737
12718,3.57232216951695
12485,0.7405379540488164
10259,2.6327801047493646
4190,2.1684229089241787
4571,3.210756307523881
6124,2.284219440741079
1743,1.9260367905242533
3633,2.008947377068303
6939,0.5714931851333401
4920,2.1488223817877583
1369,1.3924408781830646
6447,3.028079966407481
10994,3.1939514721045175
6985,0.879500169384477
10178,1.353662238469744
8625,1.2122722403715116
3230,3.9249709052571724
7889,2.027925732877411
5330,1.7392463588322917
578,2.931836129790766
10196,4.678847243213894
2769,1.1385775847084136
5407,1.7874128815243018
6513,0.6015844600975049
5799,1.8023270635245843
10400,0.33417962915158156
5993,2.1049029262474552
11372,0.5239379036190505
13809,3.701072825623547
11309,4.195653139324065
13591,3.530032943025114
13603,2.6096602319313495
8553,1.1244452379638248
7161,2.17267680890862
8428,2.2989386365740967
9932,1.9313097223804514
3878,1.833516988643688
3485,4.762590292882252
166,1.2794987949840029
4553,1.1190003800997148
12235,4.592259647994419
4138,1.0442025695443788
2810,1.378098649592564
8917,0.6389320882957852
5237,5.386291552369302
765,5.825824003415702
1063,0.555562097999208
7362,6.397645059178397
2390,1.2660676777648814
12101,2.484309936002304
2899,3.0487936798726643
6609,3.189739523210495
12921,2.9882454036720874
1991,0.9443557162373228
13797,1.4538245745235079
9211,1.33382371863665
5437,0.879500169384477
5803,3.054000374909048
4162,4.260959007599547
11485,2.858959479396231
13213,0.5126737330991744
2961,1.4042672040865365
9561,1.353662238469744
6723,1.2660676777648814
2726,5.014130454120433
2338,2.1262460015382167
13685,3.387318794633937
7986,1.6798020396056181
2794,2.041301837671092
3610,1.5421251029825134
13676,1.8210734469861694
8368,1.5099196126805232
2951,0.9129302476585249
9241,1.6693343269375045
5009,1.659313725466643
1146,3.7649047757320946
1893,2.5034378186188593
9974,2.6998907945758015
9811,2.8252689436131893
8123,0.27273382695928255
2257,6.05027838543559
3828,4.353487191430118
6826,2.7536867552818083
7534,2.4197727912295357
400,1.7785779950416287
11120,1.8741954787724426
404,2.7877657554238455
10863,0.5945726739184353
5585,4.667090641220898
2318,1.5456585094831545
10020,0.7643719928942497
2620,2.286870817854049
9864,2.064686989226833
4922,2.4018818800934385
11195,3.009666174994267
11879,2.3483357609593356
1780,3.3667767086194336
6582,1.9261059707752994
2048,1.7682898483946645
13206,2.6266775205743205
12194,3.8178112649048455
10181,3.2275787113444068
3687,4.0078311699303315
12321,2.442128378722115
3585,2.5387878896576965
644,3.4489303385735655
10586,2.1360692240412287
11773,1.9262510020130743
9862,2.2771851581390536
5626,1.1939401961373912
5462,4.106144273439935
11503,2.125277515817821
3588,4.88819059636705
6943,3.5135383385644303
7088,1.4451606651224356
3085,3.864046356699334
7799,1.4955131843688552
8843,0.7108574057156617
9668,1.9962556999901602
13586,1.2502147631490375
6979,1.4301319034313436
10250,0.6382497634413716
11737,1.78369330911428
3007,1.9346244341135985
12619,2.1549939982144193
2539,1.7347727509422384
10990,1.611934619446641
2662,1.7660436089804394
8784,1.3820314955906583
7092,4.47731108443767
7750,5.1183301653302005
12815,2.8957511540766614
7261,5.4214828219560225
10778,2.109013979732395
12605,2.0134626312315014
5731,4.407521357643648
1312,0.5945726739184353
12003,2.6973126784660866
10523,3.913989523122867
11870,0.5887076871739771
6243,0.8956822267826522
2872,2.6660794944389923
11340,3.024482832206371
8700,1.8079341179069917
8879,2.621566964383908
12638,1.710937455047475
2760,0.5451423800727516
2284,5.5089629514847624
1670,2.943155490705451
3751,2.909815976208231
8248,1.8958987046928422
12340,3.4762888477094145
5023,1.848211407625432
7089,2.4326054052633914
2933,4.119581421140979
3225,2.632763317408597
4588,4.5840158107458615
9735,2.1360692240412287
3412,2.3286957623860975
12902,3.480813536899312
7766,2.6179577657526085
4554,1.231607418303854
2969,0.9292286349303331
3827,0.7491990507945016
12663,2.387246671014398
7516,3.6597196518414465
7280,1.8726445969232635
6697,3.9926871561052883
5660,0.9117349776121924
2255,2.7282713436497144
2464,2.1310205682207757
10617,2.883843366102293
6175,1.311208620659025
7282,1.3438599009421721
12074,0.5247817905082126
8561,2.0003183322518727
399,4.42656234150248
5451,2.16396189841275
3931,3.812550539584186
12049,2.4197727912295357
12188,3.5091483368982535
2574,0.3892670653708023
10299,2.3989322576745558
12601,2.933595662356767
10602,1.3896850973153796
3750,2.938063609758009
8053,2.365640382888849
13824,1.8719181841878978
9695,2.215876568110152
5396,2.7907108219973646
2638,3.0486788282269224
8846,1.8311788636235549
2597,4.1111066575715824
9753,0.8471137388169201
5846,3.7932108071353636
7191,1.9813836100327182
7568,1.524860630104323
10472,1.7785779950416287
6988,1.4103607017276683
1932,2.5692215734420145
2134,1.1742932015347096
3336,1.0860825859842123
2780,1.729750282467081
5907,4.452873017795063
1694,1.1626662812393
5884,1.8669512894909563
7852,0.5139428214223384
11943,3.291244819585106
11526,3.1529119257551708
8923,0.8138866129347891
12603,2.1919041421714374
11668,2.3178912853033413
6563,1.953665931193456
9000,0.29289057930510787
6297,1.9133260678708917
4104,2.0305903173303443
9554,2.1832459709600256
5667,4.365242084838011
7278,1.9061205917166422
6394,2.2977763247003717
7321,1.1183593480412561
8807,1.0624760989901325
13421,1.6263936007168902
8183,3.5367680433554924
4046,2.4308417352710014
8231,1.8389000100633432
6792,1.449184649744942
13418,0.6291690908938584
10764,2.4910981146847235
6013,2.1618823284182276
8260,4.077558569099206
8394,2.475410103810731
7273,2.2323379998522825
12232,2.5235667399298567
6192,2.0823586689436953
2894,1.6296528949401983
8431,1.0114716829566432
4236,1.705881344846305
6501,3.1583559611089536
13253,3.473726390905329
1889,0.7054325729181921
1343,1.7926574374657263
10429,4.646018558398142
79,4.408490386070827
8270,0.5724527248140069
5836,2.0333570234600735
11413,5.480284842616113
12412,3.5202393957388742
9809,2.0664682277562436
9965,5.0168298072736155
10989,3.31778248857014
7640,4.464399382269423
6300,1.9461013384667862
5833,1.9350958013709005
13364,4.305107602948663
11258,2.5995538196195476
5309,0.580691096722494
9780,2.4758647487215
10632,2.0585462272918806
10104,1.2767183689957582
12531,1.226018600741276
13649,3.542193766345062
2422,2.7229632615904484
1940,2.6327801047493646
13366,0.5796929802104692
9871,4.385558014349032
13125,2.366302313014867
2727,1.7273390399172552
12447,3.4683270431256883
472,3.433926102050686
8023,3.3489845331465817
2567,2.2770585568848065
8641,2.852744082446039
13802,2.4614283822344074
12982,2.9021142379138487
4183,1.4103607017276683
13540,3.7248447231457322
3401,1.919009818049899
8311,4.055312452348251
6085,3.752358795286724
10458,3.3051734184674038
11111,1.6886482501935485
8371,6.216778859299069
7009,1.249270439719366
11752,0.8610060079757587
12872,3.9042491958479864
3479,4.201075100809308
13759,2.645539343289305
45,1.088374412306957
2768,5.2254058459127055
8805,0.8462005685420759
7478,0.9567332913440824
1116,2.6105279617311146
3198,4.149417200953201
3985,1.4646821603233107
5464,3.927884239357722
10254,4.408490386070827
11343,5.8760271343955015
8258,0.3785800259705974
8308,1.7549957058567724
8254,1.9666363541301644
9698,4.408490386070827
12715,1.23288008174338
4154,2.737263334692766
10794,0.7185034262637812
7690,1.4698867284231307
353,2.582506468097974
9409,2.4758647487215
9033,3.2298424801239745
9840,2.2933750088010694
11348,1.0813859918882445
4465,6.176711712363925
12390,1.6709067007171863
2796,3.1190476281132695
7275,2.219272321271802
6276,4.330017436384027
2456,1.87297600504213
5338,2.8677820658052564
6770,4.981373551497095
5344,1.0180950448160835
9960,1.6171028388615103
10734,1.4920078339731668
3144,2.191898353290002
12442,4.0673569890509444
8944,2.387160553565616
5945,1.4887000061210132
12283,4.29433498806652
6590,1.6699252346640032
10114,1.348167753910443
1009,1.8409936885223865
11608,0.5102494844085256
10707,5.135257179679952
4175,1.6565594103690107
11236,1.0528229687313093
12919,1.1848326992574838
2405,2.9516159177192947
6494,1.8086223352794357
8168,1.9128995482167306
2021,4.590462106050886
6783,2.8645477533862325
6600,2.147496400106011
7276,2.0398465614574754
11174,4.216032540566593
2168,2.2823631218156315
5566,4.0078311699303315
3915,3.214504910182715
11851,2.900490469499315
9357,2.079991051401533
8586,0.6947008336542098
6115,3.010673682007675
393,2.3154653021121994
1854,3.8979085423655033
1173,1.0340446306752937
1528,3.0528646781645654
13472,2.5048459064053508
2237,1.6436159195079103
3379,2.240430870593867
1273,0.5666115914033849
5807,2.0681889261500386
4754,2.8744941278497183
108,0.5945726739184353
7641,1.78377634517772
7194,1.8663275725954693
3063,3.0009396796880545
